一店的,1548233987875726,车公庄,1550026512738908,汉拿山,1548239319072993,B2,,,,0,北京
一店的,1548233985397507,上地,1557192511871890,三米粥铺,1548239284451316,E1,上地   北京,三米粥铺上地店,E1,3806,北京
一店的,1548233984884458,十里河,1550026507320303,金姨家朝鲜风味,1548239276473842,A2,十里河  北京,金姨家朝鲜风味-十里河店,A2,3514,北京
一店的,1548233985397507,上地,1550026512159718,兄弟烤肉拌饭,1548239281764333,A2,上地   北京,兄弟烤肉拌饭上地店,A2,3684,北京
一店的,1558349108715778,新荟城二店,1550026524309108,曼玲粥,1558349175566854,A3,新荟城二店北京,曼玲粥（新荟城二店）,A3,4709,北京
一店的,1548233985397507,上地,37653504970752,青渝蓝之麻辣香锅,1548239284597877,E2,上地   北京,青渝蓝上地店,E2,4925,北京
一店的,1548233985739387,日坛,37653504991232,湘当馋,1548239287538416,A1,日坛店 北京,湘当馋臭豆腐-日坛店,A1,4936,北京
一店的,1548233985739387,日坛,1550026518445730,美蛙,1548239289143115,B5,日坛店 北京,美蛙-日坛店,B5,4942,北京
一店的,1548233986814497,呼家楼,37653505325056,韩式炸鸡啤酒,1548239304565864,B9,呼家楼  北京,韩式炸鸡啤酒-呼家楼,B9,3739,北京
一店的,1548233986981233,国展,37653505347584,湘当馋,1548239307662122,B8,国展  北京,湘当馋-国展,B8,3652,北京
一店的,1548233984537722,四道口,37653506197504,金姨家朝鲜风味,1548239274135410,B8A,四道口  北京,金姨家朝鲜风味（四道口店）,B8A,4819,北京
一店的,1548233986814497,呼家楼,37653506375680,凉皮先生,1548239302912621,A8,呼家楼  北京,凉皮先生-呼家楼,A8,3725,北京
一店的,1548233982097535,枣营麦子店,1550026506861513,U鼎冒菜,1548239243978502,A8,枣营麦子店 北京,U鼎冒菜-枣营麦子店,A8,4671,北京
一店的,1548233987348756,广渠门,1550026518164286,一品生煎,1548239311343157,A8,广渠门  北京,一品生煎-广渠门,A8,4275,北京
一店的,1548233987710366,东直门,1550026528240853,曼玲粥(加盟-张钰),1548239315171749,A8,东直门  北京,曼玲粥店(东直门店),A8,3953,北京
一店的,1548233987710366,东直门,1550026522695646,张哥麻辣拌,1548239315902755,A15,东直门  北京,张哥麻辣拌-东直门,A15,3604,北京
一店的,1548233981574173,铸诚大厦,37653509699584,赴汤可以喝的麻辣烫,1548239239577488,A8,铸诚大厦  北京,赴汤可以喝的麻辣烫-铸诚大厦店,A8,3764,北京
一店的,1560944791763246,望京六佰本,37653509795840,轻趣轻食,1560944834047205,A3,望京六佰本  北京,轻趣轻食-望京六佰本,A3,5065,北京
一店的,1548233988385650,五道口一店,37653498077184,纳百味 · 低脂饭团 · 果饮,1548239326121417,A2,五道口一店  北京,纳百味五道口一店,A2,4823,北京
一店的,1548233981747979,中关村,1557192511871890,三米粥铺,1548239240749496,B2,中关村  北京,三米粥铺（中关村店）,B2,3772,北京
一店的,1548233982792607,悠乐汇,1550026529200960,来碗粉,1548239249598134,A9,"悠乐汇,悠乐汇  北京",来碗粉  悠乐汇店,A9,3756,北京
一店的,1548233983688653,望京西园,1550026523786489,站点比萨,1548239264459852,B5,望京西园  北京,站点比萨(望京西园店),B5,4274,北京
一店的,1548233984304802,驼房营,37653498419200,海盗虾饭,1548239269584834,C1,驼房营  北京,海盗虾饭-驼房营,C1,4261,北京
一店的,1548233984537722,四道口,37653499160576,赵小柒串串香冒菜,1548239272236519,A12,四道口  北京,赵小柒冒菜（四道口店）,A12,4604,北京
一店的,1548233984537722,四道口,1557192511871890,三米粥铺,1548239272382254,A13,四道口  北京,三米粥铺(四道口店）,A13,4814,北京
一店的,1548233985397507,上地,1550026521068515,CFB炸鸡@啤酒,1548239282259697,B3,上地   北京,CFB炸鸡啤酒上地店,B3,4922,北京
一店的,1548233985739387,日坛,1557192511871890,三米粥铺,1548239288851495,B3,日坛店 北京,三米粥铺-日坛店,B3,4941,北京
一店的,1548233986981233,国展,1550026516477251,梅家焖面,1548239305880914,A8,国展  北京,梅家焖面-国展,A8,4050,北京
一店的,1548233981349868,自空间,37653499498496,极度比萨,1548239237049723,B2,,,,0,北京
一店的,1557397275473578,牡丹园,37653500512256,早乐,1557397364798195,C6,牡丹园  北京,早乐-牡丹园,C6,5088,北京
一店的,1558349108715778,新荟城二店,37653500606464,麦小六,1558349176127485,A9,新荟城二店北京,麦小六-新荟城二店,A9,4714,北京
一店的,1558349108715778,新荟城二店,37653500606464,麦小六,32325098950656,A11,新荟城二店北京,柠悦三明治-新荟城二店,A11,5658,北京
一店的,1548233982792607,悠乐汇,1559123800297161,洞庭红,1548239249746930,A10,"悠乐汇,悠乐汇  北京",湘炒香炒（悠乐汇）,A10,4621,北京
一店的,1557397275473578,牡丹园,37653501145088,龙虾1号,1557397359140177,B2,牡丹园  北京,龙虾1号-牡丹园,B2,5090,北京
一店的,1557397275473578,牡丹园,1550026505880869,整点披萨,1557397361416647,B8,牡丹园  北京,整点披萨-牡丹园,B8,5092,北京
一店的,1548233982272822,右安门,37653501329408,海盗虾饭,1548239246614403,B6,右安门 北京,海盗虾饭（右安门店）,B6,4726,北京
一店的,1548233982272822,右安门,1556501257356444,又卷烧饼,1548239248134364,C1,右安门 北京,又卷烧饼(右安门店）,C1,4728,北京
一店的,1548233982966194,雅宝城,37653501468672,花奕轻食,1548239250623380,B9,雅宝城  北京,花奕轻食-雅宝城,B9,3966,北京
一店的,1548233983513828,五道口二店,37653501597696,爱尚烤鱼饭,1548239259303758,A9,五道口二店  北京,爱尚烤鱼饭脱骨鸡（五道口二店）,A9,5342,北京
一店的,1548233984304802,驼房营,37653501712384,共禾之约·创意轻食,1548239266805292,A2,驼房营  北京,共禾之约·创意轻食(驼房营）,A2,4257,北京
一店的,1548233984304802,驼房营,1550026524309108,曼玲粥,1548239267976654,B3,驼房营  北京,曼玲粥铺-驼房营,B3,4628,北京
一店的,1548233985568475,软件园,1550026508326873,洁捷快餐,1548239285181612,B2,软件园  北京,洁捷快餐-软件园,B2,5395,北京
一店的,1548233985910790,梨园,37653502038016,三米粥铺,1548239291048353,A13,梨园  北京,三米粥铺-梨园店,A13,4399,北京
一店的,1548233986082122,酒仙桥二店,37653502130176,五姐烤肉拌饭,1548239293397578,A15,酒仙桥二店  北京,五姐烤肉拌饭（酒仙桥店）,A15,4644,北京
一店的,1548233987348756,广渠门,37653502416896,共禾之约·创意轻食,1548239312103377,A13,广渠门  北京,共禾之约-广渠门,A13,4026,北京
一店的,1548233988217556,大望路,37653502488576,kido轻食,1548239324804569,B2,大望路店  北京,KIDO轻食（大望路店）,B2,4235,北京
一店的,1548233988385650,五道口一店,37653502531584,果果来了鲜果切,1548239325974110,A1,五道口一店  北京,果果来了鲜果切,A1,4295,北京
一店的,1548233988556195,石景山,37653502617600,食肆商务套餐,1548239329941871,A6,石景山,食肆商务套餐-石景山,A6,5714,北京
一店的,1548233988556195,石景山,37653502617600,食肆商务套餐,1548239330088724,A7,石景山,食肆商务套餐-石景山,A7,5714,北京
一店的,1557397275473578,牡丹园,1550026516375198,湘香小厨,1557397362270985,B9,牡丹园  北京,湘香小厨-牡丹园,B9,5093,北京
一店的,1548233985739387,日坛,1550026511652975,中街1946,1548239287684629,A2,日坛店 北京,中街1946-日坛店,A2,4937,北京
一店的,1548233982792607,悠乐汇,1550026528106777,真功夫,1548239249452807,A8,"悠乐汇,悠乐汇  北京",真功夫  悠乐汇店,A8,3939,北京
一店的,1548233985397507,上地,1550026509724179,四有青年,1548239283282959,B10,上地   北京,四有青年上地,B10,4704,北京
一店的,1548233986981233,国展,1550026509724179,四有青年,1548239305149948,A2,国展  北京,四有青年-国展,A2,5697,北京
一店的,1553865620850490,马家堡,1559532536593103,汉华堡,1553865821795269,A8,马家堡  北京,汉华堡-马家堡,A8,5022,北京
一店的,1548233985910790,梨园,37653503641600,溜哥炒饭,1548239291194871,A15,梨园  北京,溜哥炒饭-梨园,A15,4960,北京
一店的,1548233988556195,石景山,37653503664128,酥先生烤鱼饭,1548239331258503,B3,石景山,酥先生烤鱼饭-石景山,B3,5715,北京
一店的,1548233989054830,星光影视园2F,1558340403865721,百味佳快餐,1548239335078336,B2,星光影视园2F,百味佳快餐-星光影视园2F,B2,5723,北京
一店的,1558349108715778,新荟城二店,37653503733760,熊先生三文鱼饭,1558349175890517,A8,新荟城二店北京,熊先生三文鱼饭（新荟城二店）,A8,4711,北京
一店的,1548233982097535,枣营麦子店,37653503797248,健身御厨·健康轻食,1548239244418293,B2,枣营麦子店 北京,健身御厨健康轻食,B2,4654,北京
一店的,1548233985739387,日坛,37653503924224,ChooChooFun,1548239287976798,A4,日坛店 北京,ChooChooFun-日坛店,A4,4939,北京
一店的,1548233986416119,建国门,37653503987712,云天炖品 · 鲍鱼饭,1548239300276196,A16,建国门  北京,云天炖品-建国门店,A16,4945,北京
一店的,1548233988385650,五道口一店,1561563373767585,牛小贤麻辣拌·烫,1548239328749733,B7,五道口一店  北京,牛小贤麻辣拌·烫-五道口一店,B7,5644,北京
一店的,1548233989054830,星光影视园2F,37653504225280,辣喊麻辣香锅,1548239334034503,A5,星光影视园2F,辣喊麻辣香锅-星光影视园2F,A5,5724,北京
一店的,1548233989054830,星光影视园2F,1556254210686457,蒸好吃小碗菜,1548239334325263,A7,星光影视园2F,蒸好吃小碗菜-星光影视园2F,A7,5725,北京
一店的,1557397275473578,牡丹园,1559125177806634,空投炸串,1557397359688477,B4,牡丹园  北京,空投炸串-牡丹园,B4,5094,北京
一店的,1558349108715778,新荟城二店,37653504358400,52Hz味道,1558349175599266,A5,新荟城二店北京,52Hz味道-新荟城二店,A5,5659,北京
一店的,1548233982097535,枣营麦子店,1561518335076154,汉霸汉堡,1548239244857228,B7,枣营麦子店 北京,汉霸汉堡,B7,4658,北京
一店的,1548233984304802,驼房营,37653504421888,切果匠,1548239268998507,B12,驼房营  北京,切果匠-驼房营,B12,4994,北京
一店的,1548233989054830,星光影视园2F,37653504444416,佳乡味快餐,1548239334471803,A8,星光影视园2F,佳乡味快餐-星光影视园2F,A8,5726,北京
一店的,1548233983513828,五道口二店,37653504595968,鱼小喵在成都,1548239260911732,B2,五道口二店  北京,鱼小喵在成都五道口二店,B2,5294,北京
一店的,1548233983688653,望京西园,1550457053568863,青渝蓝之麻辣香锅,1548239264020204,B1,望京西园  北京,青渝蓝之麻辣香锅(望京西园店),B1,4650,北京
一店的,1548233983688653,望京西园,37653504681984,文啼鸟烤猪蹄烤鸡架,1548239264166580,B2,望京西园  北京,文蹄鸟烤猪蹄烤鸡架(望京西园店),B2,4651,北京
一店的,1548233983688653,望京西园,1550026512515629,爸爸的锅包肉,1548239264313699,B3,望京西园  北京,爸爸的锅包肉(望京西园店),B3,4314,北京
一店的,1548233984304802,驼房营,1550026509514804,湘当馋臭豆腐,1548239267392297,A7,驼房营  北京,湘当馋臭豆腐-驼房营,A7,4260,北京
一店的,1548233984304802,驼房营,1550026512515629,爸爸的锅包肉,1548239268121153,B6,驼房营  北京,爸爸的锅包肉-驼房营,B6,4624,北京
一店的,1548233984304802,驼房营,37653504778240,青渝蓝之麻辣香锅,1548239268706381,B10,驼房营  北京,青渝蓝麻辣香锅-驼房营,B10,4266,北京
一店的,1548233984304802,驼房营,37653504802816,四有青年,1548239269291857,B15,驼房营  北京,四有青年-驼房营,B15,4625,北京
一店的,1548233984714727,双井,37653504929792,爸爸的锅包肉,1548239274427738,A1,双井  北京,爸爸的锅包肉（双井店）,A1,4677,北京
一店的,1548233986082122,酒仙桥二店,37653505159168,台资味,1548239293689679,A17,酒仙桥二店  北京,台资味（酒仙桥店）,A17,4646,北京
一店的,1548233988385650,五道口一店,1550026515591180,共享食光烤猪蹄烤鸡架,1548239328311621,B3,五道口一店  北京,共享时光烤猪蹄鸡架,B3,4087,北京
一店的,1548233981574173,铸诚大厦,1550026529726242,蜜哆哆炸鸡,1548239238957843,A3,铸诚大厦  北京,蜜哆哆炸鸡-铸诚大厦店,A3,3759,北京
一店的,1553865620850490,马家堡,1556171278648498,米已成粥,1553865821771321,A7,马家堡  北京,米已成粥-马家堡,A7,5025,北京
一店的,1553865620850490,马家堡,37653505675264,青渝蓝之麻辣香锅,1553865821854963,A10,马家堡  北京,青渝蓝之麻辣香锅-马家堡,A10,5027,北京
一店的,1553865620850490,马家堡,37653505736704,麻辣啪啪啪,1553865822328368,A15,马家堡  北京,麻辣啪啪啪-马家堡,A15,5028,北京
一店的,1553865620850490,马家堡,37653505759232,聚鼎米线,1553865823567360,A24,马家堡  北京,聚鼎米线-马家堡,A24,5030,北京
一店的,1548233988722144,经开大厦,37653505781760,一家面馆,1548239331989330,A2,经开大厦 北京,一家面馆-经开大厦,A2,5652,北京
一店的,1548233989054830,星光影视园2F,1552876399115155,想巷,1548239333596116,A1,星光影视园2F,想巷-星光影视园2F,A1,5727,北京
一店的,1557397275473578,牡丹园,37653505857536,湘当馋,1557397363379947,C3,牡丹园  北京,湘当馋-牡丹园,C3,5096,北京
一店的,1557397275473578,牡丹园,37653505878016,和番丼饭,1557397366308327,C8,牡丹园  北京,和番丼饭-牡丹园,C8,5097,北京
一店的,1548233983142584,新荟城店,37653506062336,加油小白能量餐,1548239254460993,A12,新荟城  北京,加油小白能量餐-新荟城,A12,4549,北京
一店的,1548233985910790,梨园,37653506293760,轻趣轻食,1548239290018150,A5,梨园  北京,轻趣轻食*健康谷物餐-梨园,A5,4437,北京
一店的,1548233986814497,呼家楼,37653506433024,老妈烫饭,1548239304857151,A11,呼家楼  北京,老妈汤饭-呼家楼,A11,3728,北京
一店的,1553865620850490,马家堡,1550026509118726,窑鸡王,1553865821720951,A3,马家堡  北京,窑鸡王-马家堡,A3,5031,北京
一店的,1548233989054830,星光影视园2F,37653506621440,渔康渔粉,1548239334616281,A9,星光影视园2F,渔康渔粉-星光影视园2F,A9,5728,北京
一店的,1557397275473578,牡丹园,1550026519949828,小恒水饺,1557397371375561,E4,牡丹园  北京,小恒水饺-牡丹园,E4,5099,北京
一店的,1557397275412512,双井二店,1550125569219745,猪小妹功夫面馆,1557397352646702,A7,双井二店  北京,虾公主龙虾拌面-双井二店,A7,4828,北京
一店的,1548233982792607,悠乐汇,1551080570195651,汤鲜生米线,1548239249160985,A6,"悠乐汇,悠乐汇  北京",汤鲜生米线（悠乐汇）,A6,4620,北京
一店的,1548233983142584,新荟城店,1556086399061351,金姨家朝鲜风味,1548239253874100,A8,新荟城  北京,金姨家朝鲜风味-新荟城店,A8,5629,北京
一店的,1548233983142584,新荟城店,37653507049472,老饭盒炖肉,1548239254167818,A10,新荟城  北京,老饭盒炖肉-新荟城店,A10,3574,北京
一店的,1548233983142584,新荟城店,37653507072000,鱼子拌饭,1548239254313525,A11,新荟城  北京,鱼子拌饭-新荟城,A11,5630,北京
一店的,1548233984304802,驼房营,1550026530674103,太太好粥,1548239269144129,B13,驼房营  北京,太太好粥-驼房营,B13,4268,北京
一店的,1548233985397507,上地,1554692687031660,海盗虾饭,1548239284013494,D1,上地   北京,海盗虾饭上地店,D1,4701,北京
一店的,1548233986082122,酒仙桥二店,37653507665920,探虾迹,1548239293835189,A18,酒仙桥二店  北京,探虾迹（酒仙桥店）,A18,4647,北京
一店的,1548233986814497,呼家楼,37653507735552,老饭盒炖肉,1548239302034909,A1,呼家楼  北京,老饭盒炖肉-呼家楼,A1,3714,北京
一店的,1548233987348756,广渠门,1550026508814518,凉皮先生,1548239312249819,A15,广渠门  北京,凉皮先生-广渠门,A15,3612,北京
一店的,1548233987535533,方庄,37653507209216,望京小腰,1548239312980291,A15,方庄  北京,串串哒望京小腰（方庄店）,A15,3997,北京
一店的,1548233987710366,东直门,1552903927989798,饿熊便当,1548239315755209,A12,东直门  北京,饿熊便当(东直门推荐必吃店),A12,4306,北京
一店的,1553865620850490,马家堡,37653508075520,至味优粮,1553865824314534,A29,马家堡  北京,至味优粮-马家堡,A29,5033,北京
一店的,1548233988722144,经开大厦,1554796729520633,洁捷快餐,1548239332281950,A5,经开大厦 北京,洁捷快餐-经开大厦,A5,5653,北京
一店的,1548233988722144,经开大厦,1554796729520633,洁捷快餐,1548239332427186,A6,经开大厦 北京,洁捷快餐-经开大厦,A6,5653,北京
一店的,1548233984714727,双井,37653508255744,鲍翁鲍汁捞饭,1548239275304315,A8,双井  北京,滚烫人生（双井店）,A8,5423,北京
一店的,1548233985397507,上地,1550026525150414,伏牛堂元气牛脊骨头饭,1548239283866576,C4,上地   北京,伏牛堂,C4,3805,北京
一店的,1548233981922675,长虹桥,1557908294070301,东北特色砂锅米线,1548239241776780,A2,长虹桥  北京,东北特色砂锅米线-长虹桥一店,A2,5067,北京
一店的,1548233982272822,右安门,1560491692304714,怪兽小巴炒饭,1548239245735992,C6,右安门 北京,怪兽小巴炒饭（右安门店）,C6,4732,北京
一店的,1548233982272822,右安门,37653508665344,轻趣轻食,1548239247840748,A5,右安门 北京,轻趣轻食（右安门店）,A5,4723,北京
一店的,1548233982792607,悠乐汇,1562225326796459,一品生煎,1548239248429867,A3,悠乐汇  北京,一品生煎  悠乐汇店,A3,5675,北京
一店的,1548233982966194,雅宝城,1552370584032395,华莱士,1548239250768975,B8,雅宝城  北京,华莱士-雅宝城,B8,3967,北京
一店的,1548233983513828,五道口二店,1550026510194297,蔬小仙,1548239258718742,A5,五道口二店  北京,蔬小仙沙拉轻食五道口二店,A5,3919,北京
一店的,1548233983513828,五道口二店,37653508962304,和番丼饭,1548239262701107,B17,五道口二店  北京,和番丼饭五道口二店,B17,4841,北京
一店的,1548233983869361,望京,1550026507646385,华莱士,1548239265336144,A2,望京商业中心 北京,华莱士（望京商业中心店）,A2,3992,北京
一店的,1548233984884458,十里河,1550026527060526,汤小鲜和范小满,1548239276766577,A5,十里河  北京,汤小鲜和饭小满-十里河店,A5,4963,北京
一店的,1548233985051132,十里堡二店,1552620411000006,曼玲粥,1548239278986502,A9,十里堡二店,曼玲粥-十里堡二店,A9,3870,北京
一店的,1548233985397507,上地,1552369979010948,一品生煎,1548239283428868,C1,上地   北京,一品生煎（上地）,C1,3679,北京
一店的,1548233985568475,软件园,1550026526547278,小东北砂锅鸡汤米线,1548239286663615,A6,软件园  北京,小东北砂锅鸡汤米线-软件园,A6,3801,北京
一店的,1548233986082122,酒仙桥二店,1550813750496414,轻趣轻食,1548239292225500,A5,酒仙桥二店  北京,轻趣轻食（酒仙桥店）,A5,4638,北京
一店的,1548233986082122,酒仙桥二店,1550026530821445,轻食π,1548239293543116,A16,酒仙桥二店  北京,轻食π（酒仙桥店）,A16,4645,北京
一店的,1548233987348756,广渠门,37653509453824,曼玲粥,1548239310893589,A5,广渠门  北京,曼玲粥铺-广渠门,A5,4027,北京
一店的,1548233987710366,东直门,37653509513216,沙野轻食,1548239314879142,A6,东直门  北京,沙野轻食（东直门店）,A6,4634,北京
一店的,1548233981574173,铸诚大厦,1550026526241918,咕咕韩式炸鸡,1548239240017162,A11,铸诚大厦  北京,咕咕韩式炸鸡-铸诚大厦店,A11,3768,北京
一店的,1557397275473578,牡丹园,1559552242359876,曼玲粥,1557397356663324,A4,牡丹园  北京,曼玲粥-牡丹园,A4,5101,北京
一店的,1557397275473578,牡丹园,1557901644958178,摩阿麻手撕椒麻鸡,1557397369562621,D8,牡丹园  北京,摩阿麻手撕椒麻鸡-牡丹园,D8,5102,北京
一店的,1548233982097535,枣营麦子店,1560145637442139,猛虎下山,1548239243685688,A6,,,,0,北京
一店的,1548233987710366,东直门,1550026522307992,窑鸡王,1548239314587617,A3,东直门  北京,窑鸡王-东直门,A3,5182,北京
一店的,1557397275473578,牡丹园,37653509937152,窑鸡王,1557397358625933,B1,牡丹园  北京,窑鸡王-牡丹园,B1,5103,北京
一店的,1557397275473578,牡丹园,37653509959680,蜜哆哆炸鸡,1557397362909366,C1,牡丹园  北京,蜜哆哆炸鸡-牡丹园,C1,5104,北京
一店的,1548233986981233,国展,1559138203562933,凉皮先生,1548239306614308,A15,国展  北京,凉皮先生-国展,A15,5424,北京
一店的,1548233988556195,石景山,37653510039552,鱼你幸福,1548239330234519,A8,石景山,鱼你幸福-石景山,A8,5716,北京
一店的,1548233981922675,长虹桥,37653510123520,灰姑娘的麻辣拌,1548239242369154,A7,长虹桥  北京,灰姑娘麻辣拌-长虹桥店,A7,5074,北京
一店的,1548233987710366,东直门,1563954408363276,井盒炒饭,1548239316295837,A16,东直门  北京,井盒炒饭-东直门,A16,5210,北京
一店的,1548233988556195,石景山,1554275651165152,串串家园麻辣烫,1548239329357695,A1,石景山,串串家园麻辣烫-石景山,A1,5717,北京
一店的,1548233981349868,自空间,37653510307840,张吉记小碗菜,1548239235573796,A2,,,,0,北京
一店的,1548233981349868,自空间,37653510307840,张吉记小碗菜,1548239235720327,A3,,,,0,北京
一店的,1548233981349868,自空间,37653510307840,张吉记小碗菜,1548239235867897,A5,,,,0,北京
一店的,1548233988722144,经开大厦,1557288054058933,螺大大柳州螺蛳粉,1548239332719650,A8,经开大厦 北京,螺大大柳州螺蛳粉-经开,A8,4542,北京
一店的,1548233989054830,星光影视园2F,1563872923078588,酥先生烤鱼饭,1548239333742721,A2,星光影视园2F,酥先生烤鱼饭-星光影视园2F,A2,5729,北京
一店的,1557397275473578,牡丹园,37653510445056,烧烤先生,1557397363613292,C4,牡丹园  北京,烧烤先生-牡丹园,C4,5105,北京
一店的,1557397275473578,牡丹园,37653510465536,杨铭宇黄焖鸡米饭,1557397368210375,D5,牡丹园  北京,杨铭宇黄焖鸡米饭-牡丹园,D5,5106,北京
一店的,1565241755384308,国安路店,41555090132992,好好吃饭,1565241778530334,B6,国安路店 上海,好好吃饭-国安路店,B6,5436,上海
一店的,1565241756360840,武宁路店,41555035734016,相约烧烤,1565241775194345,A1,武宁路店 上海,相约烧烤-武宁路店,A1,5242,上海
一店的,1565241756360840,武宁路店,41555087640576,颂饭水饺,1565241775312297,A7,武宁路店 上海,颂饭水饺-武宁路店,A7,5189,上海
一店的,1565241756360840,武宁路店,41555026759680,河南蒸香面,1565241775384397,A10,武宁路店 上海,河南蒸香面（熊猫星厨武宁路店）,A10,4093,上海
一店的,1565241756360840,武宁路店,41555026249728,串意十足,1565241775518506,B1+B2,,,,0,上海
一店的,1565241756360840,武宁路店,41555025702912,中街1946,1565241775562199,B6,武宁路店 上海,中街1946-武宁路店,B6,5521,上海
一店的,1565241756194463,四川北路一店,41555087964160,鱼众不同,1565241775603613,A2,四川北路1店 上海,鱼众不同（民达）,A2,4110,上海
一店的,1565241755994293,灵石路店,41555088257024,82年叫花鸡,1565241776038586,A6,灵石路店   上海,82年叫花鸡（灵石路店）,A6,5301,上海
一店的,1565241755994293,灵石路店,43495428589568,沙绿轻食粥,1565241776080619,B1,灵石路店   上海,沙绿健康粥（灵石路店）,B1,5302,上海
一店的,1565241755994293,灵石路店,41555034949632,InHouse多氧健康餐,1565241776099783,B2,灵石路店   上海,赖胖子肉蟹煲（灵石路店）,B2,5306,上海
一店的,1565241755994293,灵石路店,41555033434112,沪鼎鸡·鸡粥·鸡血汤·面,1565241776122628,B3,灵石路店   上海,沪鼎鸡·鸡粥·鸡血汤·面-灵石路店,B3,5754,上海
一店的,1565241755994293,灵石路店,41555088367616,青渝蓝之麻辣香锅,1565241776143422,B5,灵石路店   上海,青渝蓝之麻辣香锅（灵石路店),B5,4736,上海
一店的,1565241755994293,灵石路店,43491786397696,叫了只炸鸡（陈伟-加盟）,1565241776163323,B6,灵石路店   上海,叫了个炸鸡（灵石路店）,B6,5304,上海
一店的,1565241755994293,灵石路店,41555038007296,功夫煲仔饭,1565241776286532,B12,灵石路店   上海,功夫煲仔饭（灵石路店）,B12,4737,上海
一店的,1565241755994293,灵石路店,41555036569600,正宗黄焖鸡,1565241776307506,B15,灵石路店   上海,千寻黄焖鸡（灵石路店）,B15,4583,上海
一店的,1565241755491528,国权路店,41555034875904,鲍汁王国,1565241776408638,A1,国权路店  上海,鲍汁王国-国权路店,A1,5695,上海
一店的,1565241755491528,国权路店,41555088617472,棒杰克披萨,1565241776467109,B1,国权路店  上海,棒杰克意式手工披萨(国权路店),B1,4500,上海
一店的,1565241755491528,国权路店,41555088666624,法布莱脆皮鸡米饭,1565241776508670,B3,国权路店  上海,津味脆皮鸡肥牛饭(国权路店),B3,4557,上海
一店的,1565241755491528,国权路店,41555088746496,上海吉野家快餐有限公司,1565241776600305,B8,国权路店  上海,吉野家（国权路店）,B8,4497,上海
一店的,1565241755491528,国权路店,41555088746496,上海吉野家快餐有限公司,1565241776622145,B9,国权路店  上海,吉野家（国权路店）,B9,4497,上海
一店的,1565241755491528,国权路店,41555034257408,串烧秘烤,1565241776734504,C5,国权路店  上海,串烧秘烤-国权路店,C5,4496,上海
一店的,1565241755634124,淮海东路店,41555089113088,功夫煲仔饭,1565241776977281,A8,淮海东路一店 上海,功夫煲仔饭-淮海东路店,A8,4139,上海
一店的,1565241755634124,淮海东路店,43491785181184,窑鸡王（加盟-周汉）,1565241776999478,A9,淮海东路一店 上海,窑鸡王-淮海东路店,A9,5319,上海
一店的,1565241755634124,淮海东路店,43495429302272,FISHEYE鱼眼咖啡,1565241777022886,A10,淮海东路一店 上海,鱼眼咖啡-淮海东路店,A10,4144,上海
一店的,1565241755717343,江宁路店,41555025702912,中街1946,1565241777244191,A7,江宁路1店 上海,舌尖闽味屿园沙茶面-江宁路店,A7,5388,上海
一店的,1565241755717343,江宁路店,41555026085888,曼玲粥店,1565241777318541,B5,江宁路1店 上海,曼玲粥铺（江宁路店）,B5,4212,上海
一店的,1565241755717343,江宁路店,41555031566337,扬州排骨,1565241777339326,B6,江宁路1店 上海,扬州排骨（江宁路店）,B6,4361,上海
一店的,1565241755717343,江宁路店,41555088513024,晨曦炖品,1565241777436872,C5,江宁路1店 上海,晨曦炖品（江宁路店）,C5,4217,上海
一店的,1565241755717343,江宁路店,41555089614848,82年叫花鸡,1565241777555484,C11,江宁路1店 上海,82年叫花鸡（江宁路店）,C11,5227,上海
一店的,1565241755384308,国安路店,41555089889280,浏阳蒸菜,1565241778273566,A2,国安路店 上海,浏阳蒸菜-国安路店,A2,5689,上海
一店的,1565241755384308,国安路店,41555089946624,客口鲜捞粉,1565241778315346,A5,国安路店 上海,客口鲜捞粉-国安路店,A5,5438,上海
一店的,1565241755384308,国安路店,41555031584768,法恩健康煮义·色拉烩饭意面,1565241778439590,B1,国安路店 上海,法恩健康煮义·色拉烩饭意面,B1,5690,上海
一店的,1565241755384308,国安路店,41555090110464,今晚吃鸡,1565241778462434,B2,国安路店 上海,今晚吃鸡-国安路店,B2,5439,上海
一店的,1565241755384308,国安路店,41555037319169,饿熊便当,1565241778482866,B3,国安路店 上海,饿熊便当-国安路店,B3,5441,上海
一店的,1565241755384308,国安路店,41555090235392,和番丼饭,1565241778662956,B12,国安路店 上海,和番丼饭-国安路店,B12,5443,上海
一店的,1565241755384308,国安路店,41555090259968,荨萫·椒麻鸡米饭,1565241778682222,B13,国安路店 上海,荨萫·椒麻鸡米饭-国安路店,B13,5446,上海
一店的,1565241755384308,国安路店,43491786229761,荷香细语（滕生-个体）,1565241778745776,B16,国安路店 上海,荷香细语-国安路店,B16,5691,上海
一店的,1565241755678564,淮海东路二店,41555026266112,戴索轻食,1565241778764637,A1,淮海东路二店   上海,戴索轻食-淮海东路二店,A1,4136,上海
一店的,1565241755678564,淮海东路二店,43495429931008,广记小馆,1565241778849666,A6,淮海东路二店   上海,广记小馆-淮海东路二店,A6,5381,上海
一店的,1565241755678564,淮海东路二店,41555090413568,我呀便当,1565241778888911,A8,淮海东路二店   上海,我呀便当-淮海东路二店,A8,4166,上海
一店的,1565241755678564,淮海东路二店,43495430006784,pupu扑扑轻食粥,1565241778925293,A10,淮海东路二店   上海,pupu扑扑轻食粥-淮海东路二店,A10,5705,上海
一店的,1565241755678564,淮海东路二店,41555034001408,拌将干拌麻辣烫,1565241778946850,A11,淮海东路二店   上海,拌将干拌麻辣烫-淮海东路二店,A11,5706,上海
一店的,1565241755953135,兰溪路店,43495430084608,巴西烤肉饭脆皮鸡饭,1565241779084108,A1,兰溪路店 上海,巴西脆皮烤肉鸡饭-兰溪路店,A1,5192,上海
一店的,1565241755953135,兰溪路店,41555090659328,拼一碗蛋炒饭,1565241779224564,A9,兰溪路店 上海,拼一碗蛋炒饭-兰溪路店,A9,5197,上海
一店的,1565241755953135,兰溪路店,41555090733056,三米粥铺,1565241779356679,B7,兰溪路店 上海,三米粥铺-兰溪路店,B7,5201,上海
一店的,1565241756029486,南京西路店,41555088746496,上海吉野家快餐有限公司,1565241779480917,A3,"南京西路 上海,南京西路店",吉野家-南京西路店,A3,5229,上海
一店的,1565241756029486,南京西路店,41555090884608,拿小度麻辣香锅,1565241779523265,A6,"南京西路 上海,南京西路店",拿渡麻辣香锅（南京西路店）,A6,4447,上海
一店的,1565241756029486,南京西路店,41555036033024,诸老大,1565241779547688,A7,"南京西路 上海,南京西路店",诸老大-南京西路店,A7,5231,上海
一店的,1565241756029486,南京西路店,41555036033024,诸老大,1565241779588796,A9,"南京西路 上海,南京西路店",诸老大-南京西路店,A9,5231,上海
一店的,1565241756273297,汶水路店,41555091023872,7口辣火锅杯,1565241779675463,A1,汶水路店 上海,7口辣火锅杯-汶水路店,A1,5756,上海
一店的,1565241756273297,汶水路店,43495430410240,沙拉自通,1565241779719243,A3,汶水路店 上海,沙拉自通-汶水路店,A3,5757,上海
一店的,1565241756273297,汶水路店,43495430430720,渝来顺水煮鱼,1565241779740689,A5,汶水路店 上海,渝来顺水煮鱼-汶水路店,A5,5758,上海
一店的,1565241756273297,汶水路店,41555034546176,有家米粉铺,1565241779764890,A6,汶水路店 上海,有家米粉铺-汶水路店,A6,5759,上海
一店的,1565241756273297,汶水路店,41555091073024,大食堂,1565241779784147,A7,,,,0,上海
一店的,1565241756273297,汶水路店,41555034095616,有家大食堂&网红烤鱼饭,1565241779824527,A9,汶水路店 上海,大食堂-汶水路店,A9,5519,上海
一店的,1565241755542631,河南北路店,43495430567936,淮南牛肉汤,1565241780045876,A6,河南北路店  上海,鲍师傅（河南北路店）,A6,4569,上海
一店的,1565241755542631,河南北路店,41555030536192,曼玲粥店（加盟-周英歌）,1565241780193198,A13,河南北路店  上海,曼玲粥店（河南北路店）,A13,4109,上海
一店的,1565241755445630,国定东路店,43491785451520,青渝蓝之麻辣香锅（袁高奎-加盟）,1565241780385329,A10,国定东路店 上海,嗲蛙干锅牛蛙-国定东路店,A10,5256,上海
一店的,1565241755445630,国定东路店,43495430756352,yunmy牛排饭,1565241780423796,A12,国定东路店 上海,yunmy牛排饭-国定东路店,A12,5692,上海
一店的,1565241755585918,河南北路二店,43491782533120,汉堡炸鸡（自营-罗立爽）,1565241780497283,A1,河南北路二店,凡仔汉堡（河南北路二店）,A1,4281,上海
一店的,1565241755585918,河南北路二店,41555032182784,台资味（加盟-程思）,1565241780662389,A9,河南北路二店,台资味（河南北路二店）,A9,4285,上海
一店的,1565241755585918,河南北路二店,43495430916096,弄堂模子,1565241780702793,A11,河南北路二店,弄堂模子（河南北路二店）,A11,4575,上海
一店的,1565241755757132,江宁路二店,43495430938624,鲍父·鲍鱼捞饭,1565241780721539,A1,江宁路二店 上海,鲍父鲍鱼捞饭江宁二店,A1,5261,上海
一店的,1565241755757132,江宁路二店,41555032043520,卤人甲（加盟-何斌）,1565241780766468,A3,江宁路二店 上海,卤人甲江宁路二店,A3,5269,上海
一店的,1565241755757132,江宁路二店,43495431041024,BOIBOI马来茶餐室,1565241780849217,A7,江宁路二店 上海,马来茶餐室-江宁路二店,A7,4364,上海
一店的,1565241755757132,江宁路二店,43495431061504,串意十足,1565241780893356,A9,江宁路二店 上海,串意十足江宁路二店,A9,5281,上海
一店的,1565241755757132,江宁路二店,41555032594432,人间至味炖品（尹加远-直营）,1565241780951910,A12,江宁路二店 上海,人间至味江宁二店,A12,5283,上海
一店的,1565241755757132,江宁路二店,43495431139328,沙野轻食,1565241780969306,A13,江宁路二店 上海,沙野轻食江宁路二店,A13,5284,上海
一店的,1565241755757132,江宁路二店,41555031908352,有家川菜（加盟—刘立法）,1565241780989464,A14,江宁路二店 上海,有家川菜江宁路二店,A14,5287,上海
一店的,1565241755757132,江宁路二店,41555037282304,悟川烧烤（加盟-苏东旭）,1565241781010273,A15,江宁路二店 上海,悟川烧烤江宁路二店,A15,5288,上海
一店的,1565241755757132,江宁路二店,41555038402560,午酒小炸（加盟-刘艺潇）,1565241781035307,A17,江宁路二店 上海,午酒小炸江宁路二店,A17,5290,上海
一店的,1565241755757132,江宁路二店,41555090884608,拿小度麻辣香锅,1565241781055707,A18,江宁路二店 上海,拿渡麻辣香锅江宁路二店,A18,5291,上海
一店的,1565241755757132,江宁路二店,43495431282688,鱼小喵在成都,1565241781141153,A22,江宁路二店 上海,鱼小喵在成都江宁路二店,A22,5270,上海
一店的,1565241756464886,协和路一店,43495431325696,BIGbear韩国炸鸡,1565241781198141,B02,协和路一店  ,Bigbear韩国炸鸡（协和路一店）,B02,4799,上海
一店的,1565241756464886,协和路一店,43491786029056,舌尖闽味屿园沙茶面（黄仁平-加盟）,1565241781528240,A103,协和路一店  ,屿园沙茶面（协和路一店）,A103,4779,上海
一店的,1565241756464886,协和路一店,43495431483392,赣湘园中式快餐,1565241781592262,A106,协和路一店  ,赣湘缘（协和路一店）,A106,4793,上海
一店的,1565241756464886,协和路一店,41555033630720,壹号套餐（加盟-董吉富）,1565241781708426,A111,协和路一店  ,壹号套餐（协和路一店）,A111,4782,上海
一店的,1565241756464886,协和路一店,43491786729472,臻香小馆(姚旺-直营),1565241781727731,A112,协和路一店  ,臻香小厨（协和路一店）,A112,4783,上海
一店的,1565241755913909,控江路店,41555031441408,丁丁猫石锅拌饭（加盟-刘琴）,1565241782698959,B6,控江路店,叮叮猫-控江路店,B6,5333,上海
一店的,1565241755913909,控江路店,43495431960576,蜜哆哆韩式炸鸡,1565241782756541,B9,控江路店,蜜哆哆炸鸡-控江路店,B9,5335,上海
一店的,1565241756236183,松江路店,41555035359232,农家木桶饭（加盟-成刚）,1565241783111547,B3,松江路店,农家木桶饭-松江路店,B3,5359,上海
一店的,1565241756236183,松江路店,43495432175616,大堡当家,1565241783131838,B4,松江路店,火星炸货铺-松江路店,B4,5360,上海
一店的,1565241756236183,松江路店,43495432196096,鹿先森秘制汤饭,1565241783150359,B5,松江路店,鹿小范秘制烫饭-松江路店,B5,5361,上海
一店的,1565241756236183,松江路店,41555035432960,马来一号（加盟-刘亮）,1565241783205463,B8,松江路店,马来一号-松江路店,B8,5364,上海
一店的,1565241756236183,松江路店,41555035451392,豪大大鸡排（个体-姜波）,1565241783246776,B10,松江路店,豪大大鸡排-松江路店,B10,5366,上海
一店的,1565241756236183,松江路店,43495432253440,沙野轻食,1565241783265774,B11,松江路店,沙野轻食-松江路店,B11,5367,上海
一店的,1565241755800953,金沙江路店,43495432312832,粤老荟·鲍鱼饭,1565241783428663,A5,"金沙江路1店,金沙江路店 上海",粤老荟鲍鱼饭-金沙江路店,A5,5154,上海
一店的,1565241755800953,金沙江路店,43495432351744,狮城海南鸡饭,1565241783505839,A9,"金沙江路1店,金沙江路店 上海",狮城海南鸡饭-金沙江路店,A9,5151,上海
一店的,1565241755800953,金沙江路店,41555089614848,82年叫花鸡,1565241783525594,A10,"金沙江路1店,金沙江路店 上海",82年叫花鸡（金沙江1店）,A10,4588,上海
一店的,1565241755800953,金沙江路店,43495432407040,第一佳烤冷面,1565241783588210,A13,"金沙江路1店,金沙江路店 上海",第一佳烤冷面（金沙江1店）,A13,4685,上海
一店的,1565241755800953,金沙江路店,43495432445952,叫了只炸鸡,1565241783652989,A17,"金沙江路1店,金沙江路店 上海",叫了只炸鸡-金沙江路店,A17,5157,上海
一店的,1565241755800953,金沙江路店,43495432466432,牛犇牛腩,1565241783692696,A19,"金沙江路1店,金沙江路店 上海",牛府-金沙江路店,A19,5158,上海
一店的,1565241755800953,金沙江路店,41555038267393,云南过桥米线(个体-张化炜）,1565241783717583,A20,"金沙江路1店,金沙江路店 上海",云南过桥米线（金沙江路店）,A20,5164,上海
一店的,1565241755800953,金沙江路店,43495432523776,壹品粥皇,1565241783800620,A25,"金沙江路1店,金沙江路店 上海",壹品粥皇-金沙江路店,A25,5160,上海
一店的,1565241755800953,金沙江路店,43495432579072,阿呆哥哥炒饭君,1565241783820994,A26,"金沙江路1店,金沙江路店 上海",阿呆哥哥炒饭君-金沙江路店,A26,5161,上海
一店的,1565241755274960,曹杨路店,43491785902080,pupu扑扑轻食粥（王志刚-加盟）,1565241783979926,A9,曹杨路一店  上海,PUPU轻食粥（曹杨店）,A9,4742,上海
一店的,1565560737621990,庆春路店,41556851423232,中街1946,1565560788046905,A1,庆春路店 杭州,中街1946-庆春路店,A1,5542,杭州
一店的,1565560737621990,庆春路店,41556795715584,大阪Osaka食堂（个体-肖韦唯）,1565560788265798,A11,庆春路店 杭州,大阪Osaka食堂（庆春路店）,A11,4609,杭州
一店的,1565560737621990,庆春路店,41556795203584,私町拉面,1565560788288678,B1,庆春路店 杭州,巨盒炒饭（庆春路店）,B1,4611,杭州
一店的,1565560737621990,庆春路店,43495468234752,刺猬烧烤,1565560788333317,B3,庆春路店 杭州,刺猬烧烤-庆春路店,B3,5763,杭州
一店的,1565560737621990,庆春路店,41556796399616,百味临温州小吃,1565560788354918,B5,庆春路店 杭州,温州啊玲小吃（庆春路店）,B5,4734,杭州
一店的,1565560737621990,庆春路店,41556794472448,小东北麻辣烫,1565560788414312,B8,庆春路店 杭州,青渝蓝之麻辣香锅（庆春路店）,B8,4548,杭州
一店的,1565560737621990,庆春路店,41556796504064,食神龙记（个体-蒋涛声）,1565560788433609,B9,,,,0,杭州
一店的,1565560737621990,庆春路店,41556797075456,沈贵珍面馆（个人-陈羲）,1565560788471715,B11,,,,0,杭州
一店的,1565560737621990,庆春路店,41556852103168,赵小蛮小海鲜,1565560788492806,B12,庆春路店 杭州,赵小蛮小海鲜（庆春路店）,B12,4485,杭州
一店的,1565560737621990,庆春路店,41556795316224,七个汉堡（加盟-刘健）,1565560788511534,B15,庆春路店 杭州,七个汉堡（庆春路店）,B15,4608,杭州
一店的,1565560737621990,庆春路店,41556852158464,隆炎烧烤,1565560788528959,C1,庆春路店 杭州,悟川烧烤（庆春路店）,C1,4309,杭州
一店的,1565560737621990,庆春路店,41556852189184,萝卜镇,1565560788547848,C2,庆春路店 杭州,萝卜镇-庆春路店,C2,5546,杭州
一店的,1565560737621990,庆春路店,41556852219904,唐小麻捞烫,1565560788565586,C3,庆春路店 杭州,筷点我（庆春路店）,C3,4287,杭州
一店的,1565560737178944,古墩路店,41556792453120,七个汉堡（加盟-方俊）,1565560789274593,B3,古墩路店 杭州,七个汉堡（古墩路店）,B3,4322,杭州
一店的,1565560737178944,古墩路店,41556795789312,隆炎烧烤,1565560789291324,B5,古墩路店 杭州,淮南牛肉汤（古墩店）,B5,4177,杭州
一店的,1565560737178944,古墩路店,41556853288960,东北饺子坊,1565560789341330,B8,古墩路店 杭州,东北饺子坊（古墩路店）,B8,4324,杭州
一店的,1565560737178944,古墩路店,41556792819712,巨盒炒饭（加盟-钟秋）,1565560789376997,B10,古墩路店 杭州,二十五块半（古墩店）,B10,4180,杭州
一店的,1565560737178944,古墩路店,41556853409792,七小将•食饼筒,1565560789427723,B13,古墩路店 杭州,七小将简食筒（古墩路店）,B13,4325,杭州
一店的,1565560737178944,古墩路店,41556853436416,张姐烤肉拌饭,1565560789445271,B15,古墩路店 杭州,张姐烤肉拌饭（古墩店）,B15,4184,杭州
一店的,1565560737178944,古墩路店,41556797054976,遇花溪苗家牛肉粉（加盟-汪鸿）,1565560789462549,B16,古墩路店 杭州,晨曦炖品（古墩店）,B16,4183,杭州
一店的,1565560737652104,秋涛北路店,41556793925632,刺猬烧烤,1565560789495988,A1,秋涛北路店 杭州,刺猬烧烤（秋涛北路店）,A1,4533,杭州
一店的,1565560737652104,秋涛北路店,41556792555520,重庆小面,1565560789589368,A7,秋涛北路店 杭州,重庆小面（秋涛北路店）,A7,4335,杭州
一店的,1565560737652104,秋涛北路店,43495689297920,全盛福北京烤鸭,1565560789606941,A8,秋涛北路店 杭州,全盛福北京烤鸭（秋涛北路店）,A8,5224,杭州
一店的,1565560737652104,秋涛北路店,41556792721408,夜市·京城烧烤（加盟-韦荣轩）,1565560789623947,A9,秋涛北路店 杭州,夜市.京城烧烤（秋涛北路店）,A9,4336,杭州
一店的,1565560737652104,秋涛北路店,41556853686272,隆炎烧烤,1565560789640340,A10,秋涛北路店 杭州,隆炎烧烤 （秋涛北路店）,A10,5221,杭州
一店的,1565560737652104,秋涛北路店,41556853721088,82年叫花鸡,1565560789656725,A11,秋涛北路店 杭州,82年叫花鸡（秋涛北路店）,A11,5225,杭州
一店的,1565560737652104,秋涛北路店,41556796696576,爱尚私厨（个体-吴飞）,1565560789674798,A12,秋涛北路店 杭州,爱尚私厨（秋涛北路店）,A12,5213,杭州
一店的,1565560737652104,秋涛北路店,41556796784640,周际老师傅烧烤.小龙虾（加盟-张琪）,1565560789691292,A13,秋涛北路店 杭州,周际老师傅烧烤（秋涛北路店）,A13,5214,杭州
一店的,1565560737652104,秋涛北路店,41556853778432,南巷口焖肉饭,1565560789711674,A15,秋涛北路店 杭州,南巷口焖肉饭（秋涛北路店）,A15,4310,杭州
一店的,1565560737652104,秋涛北路店,41556796172288,温州特色小吃（个体-陈先浇）,1565560789767504,A18,秋涛北路店 杭州,温州特色小吃（秋涛北路店）,A18,5222,杭州
一店的,1565560737740236,文三路店,41556854276096,小火慢炖排骨米饭,1565560790070497,A1,文三路店 杭州,小火慢炖排骨米饭（文三路店）,A1,4347,杭州
一店的,1565560737740236,文三路店,41556794966016,蜜哆哆炸鸡（加盟-熊俊岭）,1565560790140296,A5,文三路店 杭州,小食代（文三路店）,A5,4477,杭州
一店的,1565560737740236,文三路店,41556792750080,饭丰町（加盟-章细敏）,1565560790201287,A8,文三路店 杭州,饭丰町（文三路店）,A8,4353,杭州
一店的,1565560737740236,文三路店,41556792750080,饭丰町（加盟-章细敏）,1565560790218500,A9,文三路店 杭州,饭丰町（文三路店）,A9,4353,杭州
一店的,1565560737740236,文三路店,41556853374976,炖物24章,1565560790355783,A17,文三路店 杭州,炖物24章-文三路店,A17,5550,杭州
一店的,1565560737781179,文一路店,41556797184000,浙巷里鸡汤饭（个体-吕文华）,1565560790389833,A1,文一路店 杭州,浙巷里鸡汤饭-文一路店,A1,5551,杭州
一店的,1565560737781179,文一路店,1550026517922643,全盛福北京烤鸭,1565560790438752,A5,文一路店 杭州,全盛福北京烤鸭-文一路店,A5,5552,杭州
一店的,1565560737781179,文一路店,1567236165373540,饭点王,1565560790454950,A6,文一路店 杭州,饭点王-文一路店,A6,5553,杭州
一店的,1565560737781179,文一路店,44043756257280,一纸鸡锡纸烧肉饭,1565560790504932,A9,文一路店 杭州,一纸鸡锡纸烧肉饭-文一路店,A9,5554,杭州
一店的,1565560737781179,文一路店,44043756283904,悟川小龙虾,1565560790572966,A13,文一路店 杭州,悟川小龙虾-文一路店,A13,5555,杭州
一店的,1565560737781179,文一路店,41556795742208,粥员外-（加盟-方芳）,1565560790590637,A15,文一路店 杭州,粥员外-文一路店,A15,5556,杭州
一店的,1565560737781179,文一路店,43495689922560,胖胖强烧烤,1565560790675897,A20,文一路店 杭州,胖胖强烧烤-文一路店,A20,5557,杭州
一店的,1565560737781179,文一路店,44043756363776,吴记臭豆腐风味炸串,1565560790694338,A21,文一路店 杭州,吴记臭豆腐风味炸串-文一路店,A21,5558,杭州
一店的,1565560737781179,文一路店,44043756388352,鲁枝儿老成都炸货铺,1565560790730674,A23,文一路店 杭州,鲁枝儿老成都炸货铺-文一路店,A23,5559,杭州
一店的,1565560737781179,文一路店,1567414104886320,oumuni韩式炸鸡,1565560790765171,A26,文一路店 杭州,oumuni韩式炸鸡-文一路店,A26,5560,杭州
一店的,1565560737781179,文一路店,41556797163520,奈久食寿司（个人-胡功亮）,1565560790782915,B1,文一路店 杭州,奈久食寿司-文一路店,B1,5561,杭州
一店的,1565560737781179,文一路店,43495689961472,猪先生韩国炸鸡,1565560790818116,B3,文一路店 杭州,猪先生韩国炸鸡-文一路店,B3,5562,杭州
一店的,1565560737781179,文一路店,43495689981952,稻花香脆皮鸡饭,1565560790836781,B5,文一路店 杭州,稻花香脆皮鸡饭-文一路店,B5,5563,杭州
一店的,1565560737781179,文一路店,44043756535808,小奉先韩国炸鸡,1565560790853873,B6,文一路店 杭州,小奉先韩国炸鸡-文一路店,B6,5564,杭州
一店的,1565560737781179,文一路店,43495690000384,外婆家的老饭盒,1565560790872516,B7,文一路店 杭州,外婆家的老饭盒-文一路店,B7,5565,杭州
一店的,1565560737781179,文一路店,41556797034496,小食铺（个体-郑老板）,1565560790925755,B10,文一路店 杭州,小食铺-文一路店,B10,5566,杭州
一店的,1565560737781179,文一路店,41556796848128,三个先森的韩国炸鸡（加盟-王金光）,1565560790982325,B15,文一路店 杭州,三个先森的韩国炸鸡-文一路店,B15,5567,杭州
一店的,1565560737781179,文一路店,41556796471296,爱丽韩国料理,1565560791001479,B16,文一路店 杭州,爱丽韩国料理-文一路店,B16,5568,杭州
一店的,1565560737533882,龙舌路店,41556795910144,食之轩（个体-胡国平）,1565560791036506,A2,龙舌路店,食之轩-龙舌路店,A2,5538,杭州
一店的,1565560737533882,龙舌路店,41556795910144,食之轩（个体-胡国平）,1565560791055613,A3,龙舌路店,食之轩-龙舌路店,A3,5538,杭州
一店的,1565560737533882,龙舌路店,41556796608512,捞烫鲜生（个体-姚杰）,1565560791122643,A8,龙舌路店,捞汤鲜生(龙舌路店),A8,4751,杭州
一店的,1565560737533882,龙舌路店,41556794349568,嵊州小吃（个体-张纪南）,1565560791139101,A9,龙舌路店,嵊州小吃（龙舌路店）,A9,4753,杭州
一店的,1565560737533882,龙舌路店,41556793788416,川锅王麻辣香锅（个体-黎佳）,1565560791158250,A10,龙舌路店,川锅王麻辣香锅（龙舌路店）,A10,4754,杭州
一店的,1565241755445630,国定东路店,44730916485120,拌将干拌麻辣烫,1565241780250305,A3,国定东路店 上海,拌将干拌麻辣烫-国定东路店,A3,5251,上海
一店的,1565241755542631,河南北路店,41555090186240,日式铁板烧便当,1565241779932472,A1,河南北路店  上海,日式铁板烧便当-河南北路店,A1,5698,上海
一店的,1565241755717343,江宁路店,41555089506304,小齐炒面,1565241777475279,C7,江宁路1店 上海,小齐炒面（江宁路店）,C7,5216,上海
一店的,1565241756029486,南京西路店,44730916919296,秋食,1565241779502187,A5,"南京西路 上海,南京西路店",秋食简餐-南京西路店,A5,5230,上海
一店的,1565241756029486,南京西路店,44730916919296,秋食,1565241779567788,A8,"南京西路 上海,南京西路店",秋食简餐-南京西路店,A8,5230,上海
一店的,1565241756029486,南京西路店,44730916988928,呋咔鲜果切,1565241779606977,A10,"南京西路 上海,南京西路店",呋咔鲜果切-南京西路店,A10,5232,上海
一店的,1565241756194463,四川北路一店,44730917060608,粥皇茶餐厅,1565241775735633,A9,四川北路1店 上海,粥皇茶餐厅（民达）,A9,4773,上海
一店的,1565241756464886,协和路一店,43495431766016,漫风情脆皮鸡饭,1565241781961459,A123,协和路一店  ,漫风情脆皮鸡饭（协和路一店）,A123,4791,上海
一店的,1565241756543794,叶家宅路店,41555038896128,小猪猪铜锅焖饭（自营-丁玉林）,1565241784119558,A2,"叶家宅路店,叶家宅路店  上海",周记私房菜（叶家宅路店）,A2,4761,上海
一店的,1565241756543794,叶家宅路店,43491786334209,新概念沪小碗（个体-汪茂前）,1565241784156243,A5,"叶家宅路店,叶家宅路店  上海",新概念沪小碗（叶家宅路店）,A5,4762,上海
一店的,1565241756543794,叶家宅路店,44730917728256,潮趣边,1565241784223823,A9,"叶家宅路店,叶家宅路店  上海",潮趣边（叶家宅路店）,A9,4764,上海
一店的,1565241756543794,叶家宅路店,44730917758976,阿勒泰米粉,1565241784286184,B3,"叶家宅路店,叶家宅路店  上海",阿勒泰米粉（叶家宅路店）,B3,4767,上海
一店的,1565241756543794,叶家宅路店,44730917814272,万美人烤猪蹄,1565241784347540,B7,"叶家宅路店,叶家宅路店  上海",万美人-叶家宅店,B7,4810,上海
一店的,1565241756543794,叶家宅路店,44730917896192,Natural活力轻食沙拉,1565241784428217,B11,"叶家宅路店,叶家宅路店  上海",Natural活力轻食沙拉-叶家宅店,B11,4771,上海
一店的,1565241756543794,叶家宅路店,41555039178752,沙拉拉轻食（加盟-陈红）,1565241784514377,B16,"叶家宅路店,叶家宅路店  上海",沙拉拉轻食-叶家宅店,B16,4772,上海
一店的,1565560750621836,深南东路店,41557636921344,喜爱汤室(个体户-谭尤鑫）,1565560806094520,A3,,,,0,深圳
一店的,1565560750621836,深南东路店,45087141531648,五谷渔粉,1565560806112906,A5,深南东路店 深圳,嘿牛哥,A5,4489,深圳
一店的,1565560750621836,深南东路店,41557680605184,杨国福麻辣烫,1565560806216240,A11,深南东路店 深圳,九品鲜厨,A11,4490,深圳
一店的,1565560750621836,深南东路店,41557680670720,东北饺子馆,1565560806272915,A15,,,,0,深圳
一店的,1565560750621836,深南东路店,45087141711872,百里竹湘,1565560806298509,B1,,,,0,深圳
一店的,1565560750621836,深南东路店,45087141711872,百里竹湘,1565560806315346,B2,,,,0,深圳
一店的,1565560750621836,深南东路店,45087141765120,寸茶,1565560806333939,B3,,,,0,深圳
一店的,1565560750663948,深南中路店,45087141898240,汤先生,1565560806551437,A3,,,,0,深圳
一店的,1565241755445630,国定东路店,53229224957952,纪小小超急闷饭,1565241780290135,A5,国定东路店 上海,纪小小超急焖饭-国定东路店,A5,5253,上海
一店的,1565241755491528,国权路店,41555034875904,鲍汁王国,1565241776549485,B6,国权路店  上海,鲍汁王国-国权路店,B6,5695,上海
一店的,1565241755542631,河南北路店,1569744749038683,Keep healthy 轻食,1565241779958347,A2,河南北路店  上海,keep healthy轻食(河南北路店）,A2,4862,上海
一店的,1565241755678564,淮海东路二店,53229225142272,小蛮椒麻辣烫,1565241778826694,A5,淮海东路二店   上海,小蛮椒麻辣烫-淮海东路二店,A5,5399,上海
一店的,1565241755757132,江宁路二店,43495431282688,鱼小喵在成都,1565241780829317,A6,江宁路二店 上海,鱼小喵在成都江宁路二店,A6,5270,上海
一店的,1565241755800953,金沙江路店,53229225261056,鲜哇牛蛙·炸鸡啤酒,1565241783467796,A7,"金沙江路1店,金沙江路店 上海",鲜哇牛蛙-金沙江路店,A7,5150,上海
一店的,1565241755800953,金沙江路店,41555087640576,颂饭水饺,1565241783545623,A11,"金沙江路1店,金沙江路店 上海",颂饭水饺-金沙江路店,A11,5153,上海
一店的,1565241755841172,金沙江路二店,1571218356757808,藏马,1565241784986398,A13,金沙江路二店,藏马（金沙江路二店）,A13,5170,上海
一店的,1565241755913909,控江路店,53229225400320,小熊家蛋包饭,1565241782794103,B14,控江路店,咖喱小太郎-控江路店,B14,5337,上海
一店的,1565241755953135,兰溪路店,53229225426944,拌将干拌麻辣烫,1565241779244631,B1,兰溪路店 上海,拌将干拌麻辣烫-兰溪路店,B1,5198,上海
一店的,1565241755953135,兰溪路店,53229225457664,福骥得米粉,1565241779376998,B8,兰溪路店 上海,福骥德米粉-兰溪路店,B8,5202,上海
一店的,1565241756029486,南京西路店,41555027292160,辛香汇（连锁-毛云）,1565241779441504,A1,"南京西路 上海,南京西路店",辛香汇-南京西路店,A1,5228,上海
一店的,1565241756029486,南京西路店,41555027292160,辛香汇（连锁-毛云）,1565241779461501,A2,"南京西路 上海,南京西路店",辛香汇-南京西路店,A2,5228,上海
一店的,1565241756194463,四川北路一店,41555034001408,拌将干拌麻辣烫,1565241775648113,A5,四川北路1店 上海,拌将干拌麻辣烫-四川北路一店,A5,5755,上海
一店的,1565241756194463,四川北路一店,41555035213824,巴西烤肉饭（加盟-王相伟）,1565241775694208,A7,四川北路1店 上海,巴西烤肉饭脆皮鸡饭（民达）,A7,4872,上海
一店的,1565241756194463,四川北路一店,53229225736192,江南排骨,1565241775714614,A8,四川北路1店 上海,江南排骨（民达）,A8,4873,上海
一店的,1565241756194463,四川北路一店,41555029166080,河南蒸香面,1565241775886332,B6,四川北路1店 上海,河南蒸香面(民达）,B6,4442,上海
一店的,1565241756194463,四川北路一店,53229225818112,大铁牛螺蛳粉,1565241775934286,B8,四川北路1店 上海,大铁牛螺蛳粉（民达）,B8,4838,上海
一店的,1565241756236183,松江路店,1571620879434711,串滋卓越,1565241783226705,B9,松江路店,串滋卓越-松江路店,B9,5365,上海
一店的,1565241756422264,协和路二店,41555033683968,粥皇·广东肠粉,1565241782278182,C212,协和路二店,广东肠粉（协和路二店）,C212,5271,上海
一店的,1565241756422264,协和路二店,41555033683968,粥皇·广东肠粉,1565241782300925,C213,协和路二店,广东肠粉（协和路二店）,C213,5271,上海
一店的,1565241756422264,协和路二店,53229226000384,滋补蒸香面,1565241782330534,C218,协和路二店,滋补蒸香面（协和路二店）,C218,5272,上海
一店的,1565241756422264,协和路二店,41555091023872,7口辣火锅杯,1565241782348655,C215,协和路二店,七口辣火锅杯（协和路二店）,C215,5273,上海
一店的,1565241756422264,协和路二店,53229226065920,特色淮南牛肉汤+锅巴煲仔饭,1565241782375929,C216,协和路二店,淮南牛肉粉丝汤（协和路二店）,C216,5274,上海
一店的,1565241756422264,协和路二店,41555033982977,辣么开心麻辣香锅,1565241782454734,C221,协和路二店,辣么开心麻辣香锅（协和路二店）,C221,5277,上海
一店的,1565241756464886,协和路一店,53229226190848,鱼小喵在成都,1565241781807786,A116,协和路一店  ,鱼小喵在成都（协和路一店）,A116,5371,上海
一店的,1565241756464886,协和路一店,53229226190848,鱼小喵在成都,1565241781830981,A117,协和路一店  ,鱼小喵在成都（协和路一店）,A117,5371,上海
一店的,1565241756504308,延长路店,41555090259968,荨萫·椒麻鸡米饭,1565241777678237,A6,延长路店 上海,荨萫·椒麻鸡米饭-延长路店,A6,5760,上海
一店的,1565241756504308,延长路店,41555090235392,和番丼饭,1565241777697657,A7,延长路店 上海,和番丼饭-延长路店,A7,4597,上海
一店的,1565241756543794,叶家宅路店,53229226305536,刘壹粉常德米粉,1565241784137123,A3,"叶家宅路店,叶家宅路店  上海",刘壹粉（叶家宅店）,A3,4852,上海
一店的,1565241756543794,叶家宅路店,53229226336256,壹柒八达春申食铺,1565241784207352,A8,"叶家宅路店,叶家宅路店  上海",壹柒八達烧腊卤水铺（叶家宅路店）,A8,4844,上海
一店的,1565241756543794,叶家宅路店,53229226362880,鱼拿酸菜鱼,1565241784240241,B1,叶家宅路店,鱼拿（叶家宅路店）,B1,5297,上海
一店的,1565241756543794,叶家宅路店,53229226391552,处女座的烧烤店,1565241784388304,B9,叶家宅路店,处女座烧烤（叶家宅路店）,B9,5296,上海
一店的,1565241756543794,叶家宅路店,53229226391552,处女座的烧烤店,1565241784412324,B10,叶家宅路店,处女座烧烤（叶家宅路店）,B10,5296,上海
一店的,1548233983513828,五道口二店,1550026514742246,青渝蓝之麻辣香锅,1548239260619430,A20,五道口二店  北京,青渝蓝之麻辣香锅五道口二店,A20,3905,北京
一店的,1548233984537722,四道口,1550026514742246,青渝蓝之麻辣香锅,1548239271340914,A5,四道口  北京,青渝蓝之麻辣香锅（四道口店）,A5,4818,北京
一店的,1548233986814497,呼家楼,1550026512515629,爸爸的锅包肉,1548239302180655,A2,呼家楼  北京,爸爸的锅包肉-呼家楼,A2,3838,北京
一店的,1548233989054830,星光影视园2F,1572755492294784,鱼小喵在成都,1548239335955597,B9,星光影视园2F,鱼小喵在成都-星光影视园2F,B9,5730,北京
一店的,1557397275412512,双井二店,55705332678656,遇典炸串,1557397348426401,A2,双井二店  北京,遇典炸串-双井二店,A2,4837,北京
一店的,1557397275412512,双井二店,1563782253531236,韩先生烤肉饭,1557397350742936,A5,双井二店  北京,韩先生烤肉饭-双井二店,A5,4835,北京
一店的,1565597638438726,国美第一城,55705332811776,鱼小喵在成都,1565597658448364,A25,国美第一城  北京,鱼小喵在成都-国美第一城,A25,4987,北京
一店的,1566268131111237,长虹桥二店,55705332811776,鱼小喵在成都,1566268154241444,B19,长虹桥二店  北京,鱼小喵在成都-长虹桥二店,B19,4982,北京
一店的,1548233986416119,建国门,55705332953088,包顺昌鲜包,1548239298814520,A2,建国门  北京,包顺昌鲜包-建国门,A2,5486,北京
一店的,1548233981747979,中关村,1550026516375198,湘香小厨,1548239241190855,B6,中关村  北京,湘香小厨（中关村店）,B6,3899,北京
一店的,1548233981747979,中关村,1550026516375198,湘香小厨,1548239241483456,D1,,,,0,北京
一店的,1548233983513828,五道口二店,37653501628416,花奕轻食,1548239261523978,B7,五道口二店  北京,花奕暖轻食五道口二店,B7,3913,北京
一店的,1548233983688653,望京西园,1550026516094251,辣椒很忙,1548239264605767,B6,望京西园  北京,辣椒很忙,B6,4036,北京
一店的,1548233985051132,十里堡二店,55705333110784,那些年便当,1548239278255901,A3,十里堡二店,那些年便当-十里堡二店,A3,3867,北京
一店的,1548233986981233,国展,1550026516870115,小丁烧烤,1548239306026893,A9,国展  北京,小丁烧烤-国展,A9,3863,北京
一店的,1565330730609659,东直门二店,55705333219328,米先生黯然销魂饭,1569309242730330,B10,东直门二店  北京,米先生黯然销魂饭-东直门二店,B10,5010,北京
一店的,1566456449065193,三元桥,55705333219328,米先生黯然销魂饭,1566456465248366,A25,三元桥  北京,米先生黯然销魂饭-三元桥,A25,5052,北京
一店的,1548233981574173,铸诚大厦,1550026514352603,东北特色砂锅米线,1548239239870571,A10,铸诚大厦  北京,东北特色砂锅米线-铸诚大厦店,A10,3766,北京
一店的,1548233988385650,五道口一店,1551714787000417,Uneed轻食,1548239328457511,B5,五道口一店  北京,Uneed轻食五道口一店,B5,4063,北京
一店的,1548233987175462,国贸,55705333432320,茶思饭想,1548239309431175,B3,,,,0,北京
一店的,1548233981574173,铸诚大厦,37653506564096,轻盒有机,1548239238665495,A1,铸诚大厦  北京,轻盒有机沙拉-铸诚大厦店,A1,3985,北京
一店的,1548233985739387,日坛,1550026513484706,望京小腰,1548239287830722,A3,日坛店 北京,望京小腰-日坛店,A3,4938,北京
一店的,1548233986814497,呼家楼,1550026522944618,疆肴大盘鸡,1548239303249460,A10,呼家楼  北京,疆肴大盘鸡-呼家楼,A10,3727,北京
一店的,1557397275412512,双井二店,55705333661696,王老师麻辣鸡架,1557397351595557,A6,双井二店  北京,王老师麻辣鸡架-双井二店,A6,4834,北京
一店的,1548233983513828,五道口二店,37653507049472,老饭盒炖肉,1548239258570780,A2,五道口二店  北京,老饭盒五道口二店,A2,4719,北京
一店的,1548233986416119,建国门,55705333770240,小黑郎秀色秀餐,1548239299107755,A6,建国门  北京,小黑郎秀色秀餐-建国门,A6,5497,北京
一店的,1548233986646429,呼家楼二店,1561726685088697,沙野轻食,1548239301012368,C2,呼家楼二店  北京,沙野轻食-呼家楼二店,C2,5185,北京
一店的,1548233987348756,广渠门,55705333848064,海盗虾饭,1548239311783776,A11,广渠门  北京,海盗虾饭-广渠门,A11,4615,北京
一店的,1548233988217556,大望路,55705333899264,鸡遇 · 椒麻鸡 · 酸菜鱼,1548239324658944,B1,大望路店  北京,鸡遇椒麻鸡 · 酸菜鱼-大望路,B1,5141,北京
一店的,1565330730609659,东直门二店,1567749428805422,瑰族-椒椒麻香鱼,1569309242875229,B19,东直门二店  北京,瑰族-椒椒麻香鱼-东直门二店,B19,5013,北京
一店的,1548233982272822,右安门,55705333981184,1号鸡秘,1548239247548160,A2,右安门 北京,1号鸡秘火锅鸡右安门店,A2,5135,北京
一店的,1565330730659182,六里桥,55705334007808,望京小腰,1565330790377264,A17,六里桥  北京,望京小腰-六里桥,A17,5007,北京
一店的,1548233983513828,五道口二店,55705334061056,大懒猫,1548239259011255,A7,五道口二店  北京,大懒猫粥铺五道口二店,A7,3908,北京
一店的,1548233985397507,上地,1573041013482145,珍香螺螺蛳粉,1548239283720608,C3,上地   北京,珍香螺螺蛳粉上地店,C3,4895,北京
一店的,1548233985568475,软件园,1550026510571471,鲜果时刻大鸡排,1548239287246188,A10,软件园  北京,鲜果时刻大鸡排-软件园,A10,3802,北京
一店的,1548233987348756,广渠门,55705334196224,东炸西拌,1548239311040318,A6,广渠门  北京,东炸西拌-广渠门,A6,4957,北京
一店的,1548233989054830,星光影视园2F,1563425166802187,四有青年,1548239335516524,B6,星光影视园2F,四有青年-星光影视园2F,B6,5731,北京
一店的,1565597638438726,国美第一城,1572509227462403,鼎炸先生,1565597658110132,A3,国美第一城  北京,鼎炸先生-国美第一城,A3,4989,北京
一店的,1565330730609659,东直门二店,55705550082048,共和之约·创意轻食,1569309242596833,B1,东直门二店  北京,共和之约·创意轻食-东直门二店,B1,5017,北京
一店的,1566268131111237,长虹桥二店,55705768519680,七日食,1566268154131352,B12,长虹桥二店  北京,七日食-长虹桥二店,B12,5668,北京
一店的,1548233981747979,中关村,37653500352512,焦耳食堂,1548239241042462,B5,中关村  北京,焦耳食堂（中关村店）,B5,4868,北京
一店的,1565597638438726,国美第一城,55705768620032,董小西凉皮和椒麻鸡,1565597658411597,A22,国美第一城  北京,董小西凉皮和椒麻鸡-国美第一城,A22,4991,北京
一店的,1548233982792607,悠乐汇,1564215539063798,夹克的虾,1548239248868925,A2,悠乐汇  北京,夹克的虾  悠乐汇店,A2,5676,北京
一店的,1548233984537722,四道口,1550026511652975,中街1946,1548239270606824,A10,四道口  北京,中街1946（四道口店）,A10,5178,北京
一店的,1548233984884458,十里河,1550026511652975,中街1946,1548239277088136,A7,十里河  北京,中街1946-十里河店,A7,4037,北京
一店的,1548233985051132,十里堡二店,1550026511652975,中街1946,1548239278109328,A2,十里堡二店,中街1946-十里堡二店,A2,5713,北京
一店的,1548233983513828,五道口二店,1550026509724179,四有青年,1548239259887611,A15,五道口二店  北京,四有青年五道口二店,A15,4071,北京
一店的,1562054721516782,理想国,1550026509724179,四有青年,1562054752392913,A7,理想国  北京,四有青年米粉-理想国,A7,5040,北京
一店的,1548233984537722,四道口,37653503342592,德克士,1548239273989596,B7,四道口  北京,德克士（四道口店）,B7,4842,北京
一店的,1548233987348756,广渠门,37653503387648,德克士,1548239311196549,A7,广渠门  北京,德克士-广渠门,A7,4950,北京
一店的,1562054721516782,理想国,1566790377138268,崔继民烧饼夹肘子,1562054752459989,A9,理想国  北京,崔继民烧饼夹肘子-理想国,A9,5054,北京
一店的,1548233982792607,悠乐汇,55705769181184,颂饭,1548239248722577,A1,"悠乐汇,悠乐汇  北京",颂饭精致水饺  悠乐汇店,A1,4618,北京
一店的,1548233984304802,驼房营,1571907551431625,三根米线,1548239270022780,C5,驼房营  北京,三根米线-驼房营,C5,4996,北京
一店的,1548233987535533,方庄,37653502439424,由氏麻辣香锅,1548239313564653,A11,方庄  北京,由氏麻辣香锅（方庄店）,A11,4030,北京
一店的,1548233987710366,东直门,1550026529945122,桃园煲仔饭,1548239317024579,A23,东直门  北京,桃园煲仔饭(东直门店),A23,3956,北京
一店的,1548233988385650,五道口一店,55705769308160,遇花溪苗家牛肉粉,1548239326705274,A7,五道口一店  北京,遇花溪苗家牛肉粉五道口一店,A7,4825,北京
一店的,1548233988385650,五道口一店,37653502595072,共禾之约·创意轻食,1548239328896806,B8,五道口一店  北京,共禾之约创意轻食五道口一店,B8,3934,北京
一店的,1548233988556195,石景山,55705769435136,曼玲粥,1548239330526274,A10,石景山,曼玲粥-石景山,A10,5718,北京
一店的,1548233989054830,星光影视园2F,55705769488384,禧粥道,1548239335664586,B7,星光影视园2F,禧粥道-星光影视园2F,B7,5732,北京
一店的,1548233989054830,星光影视园2F,55705769515008,咝呦面馆,1548239333888609,A3,星光影视园2F,咝呦面馆-星光影视园2F,A3,5733,北京
一店的,1548233989054830,星光影视园2F,55705769541632,李小胖黄焖鸡煎饼,1548239334179785,A6,星光影视园2F,李小胖黄焖鸡煎饼-星光影视园2F,A6,5734,北京
一店的,1548233989054830,星光影视园2F,55705769566208,煲仔饭瓦罐汤,1548239334762362,A10,星光影视园2F,煲仔饭瓦罐汤-星光影视园2F,A10,5735,北京
一店的,1548233989054830,星光影视园2F,55705769592832,麻辣烫水饺,1548239335370962,B5,星光影视园2F,麻辣烫水饺-星光影视园2F,B5,5736,北京
一店的,1565597638438726,国美第一城,1571211367016743,粥多鲜,1565597658092475,A2,国美第一城  北京,粥多鲜-国美第一城,A2,4993,北京
一店的,1565241756464886,协和路一店,1572931417455650,拌将干拌麻辣烫,1565241781177165,B01,协和路一店  ,拌将干拌麻辣烫（协和路一店）,B01,4796,上海
一店的,1548233985397507,上地,1573208184223414,小鱼大作酸菜鱼,1548239282990947,B8,上地   北京,小鱼大作上地店,B8,4904,北京
一店的,1565241755717343,江宁路店,1573867208141127,大叔小馆超级小炒肉,1565241777456461,C6,江宁路1店 上海,大叔小馆超级小炒肉（江宁路一店）,C6,5320,上海
一店的,1565241756464886,协和路一店,1574073477535696,粥宫1号,1565241781984501,A124,协和路一店  ,粥宫1号（协和路一店）,A124,4792,上海
一店的,1565241755717343,江宁路店,41555034875904,鲍汁王国,1565241777280183,B2,江宁路1店 上海,鲍汁王国-江宁路店,B2,5449,上海
一店的,1565560737621990,庆春路店,41556791322624,虾雨小龙虾（加盟-徐小成）,1565560788603558,C6,庆春路店 杭州,虾雨小龙虾（庆春路店）,C6,4375,杭州
一店的,1565241755274960,曹杨路店,1574236479985484,涂小弟,1568952916885501,A17,曹杨路一店  上海,涂小弟焖面凉皮肉夹馍(曹杨店),A17,4878,上海
一店的,1548233984714727,双井,1550026511253265,米特工,1548239275742670,A11,双井  北京,米特工黯然销魂炒饭(双井店),A11,5147,北京
一店的,1565597638438726,国美第一城,1573478349716651,香子韩式炸鸡,1565597658269399,A13,国美第一城  北京,香子韩式炸鸡-国美第一城,A13,4995,北京
一店的,1565241755717343,江宁路店,1567590864445364,赫小鲜肉蟹煲,1565241777496943,C8,江宁路1店 上海,赫小鲜肉蟹煲-江宁路店,C8,5451,上海
一店的,1565560737178944,古墩路店,41556792262656,虾皇蟹后,1565560789258105,B2,古墩路店 杭州,虾雨小龙虾（古墩路店）,B2,4323,杭州
一店的,1571395003064816,汇海广场,1572573430205615,红七公,1571395025855467,A3,,,,0,深圳
一店的,1548233985910790,梨园,1573120229999762,鲍喜鲍鱼饭,1548239289872156,A3,梨园  北京,鲍喜鲍鱼饭-梨园,A3,4952,北京
一店的,1560944791763246,望京六佰本,1550026509724179,四有青年,1560944834514373,A6,望京六佰本  北京,四有青年-望京六佰本,A6,5066,北京
一店的,1565241755717343,江宁路店,1574661272850357,谷小番脆皮鸡饭,1568811699403268,A11,江宁路1店 上海,谷小番脆皮鸡（江宁路店）,A11,5220,上海
一店的,1548233984714727,双井,1572859961732921,优食家,1548239274573507,A2,双井  北京,优食家双井店（单平台）,A2,4679,北京
一店的,1565560737740236,文三路店,41556793030656,叉子汤勺（加盟-计晓慧）,1565560790235670,A10,文三路店 杭州,叉子汤勺（文三路店）,A10,4355,杭州
一店的,1565241755445630,国定东路店,1574829283726698,蛙绝鸡,1565241780269193,A4,国定东路店 上海,蛙绝鸡-国定东路店,A4,5252,上海
一店的,1565241756236183,松江路店,1569207478794977,阿楠咖喱给给,1565241782974270,A3,松江路店,阿楠咖喱给给-松江路店,A3,5356,上海
一店的,1565330730609659,东直门二店,1573191991296834,有一家烤肉饭,1569309242713611,B9,东直门二店  北京,有一家烤肉饭-东直门二店,B9,5018,北京
一店的,1565241756464886,协和路一店,1573446083486362,拼一碗蛋炒饭,1565241781897239,A120,协和路一店  ,拼一碗蛋炒饭（协和路一店）,A120,4789,上海
一店的,1557397275473578,牡丹园,1574385823591988,串意十足,1557397358371174,A5,牡丹园  北京,串意十足-牡丹园,A5,5107,北京
一店的,1548233983142584,新荟城店,1574929629347204,Heal Yeah!,1548239253143332,A7,新荟城  北京,healyeah-新荟城店,A7,4429,北京
一店的,1548233983513828,五道口二店,1574826526571246,初雪炸鸡,1548239259595814,A11,五道口二店  北京,初雪炸串五道口二店,A11,3920,北京
一店的,1548233983688653,望京西园,1573100152749260,居众屋,1548239263581141,A3,望京西园  北京,居众屋（望京西园）,A3,5239,北京
一店的,1565241755678564,淮海东路二店,1573500963908198,砂锅粥,1565241778869408,A7,淮海东路二店   上海,尚膳茶餐厅-淮海东路二店,A7,5315,上海
一店的,1565241756464886,协和路一店,1575089441015778,巴西烤肉饭脆皮鸡饭,1565241781238508,B04,协和路一店  ,巴西烤肉脆皮鸡饭（协和路一店）,B04,4806,上海
一店的,1548233985397507,上地,1575256046492776,老饭盒炖肉,1548239281911216,B1,上地   北京,老饭盒上地店,B1,4897,北京
一店的,1548233982097535,枣营麦子店,1574910351001163,猛虎下山,28631830253568,B10,枣营麦子店 北京,猛虎下山（麦子店）,B10,4668,北京
一店的,1548233984537722,四道口,37653509058560,Uneed轻食,1548239271486788,A6,四道口  北京,Uneed轻食（四道口店）,A6,4045,北京
一店的,1565330730609659,东直门二店,1565575178059937,歪脖哥厨房webber bro food,1569309242748246,B11,东直门二店  北京,歪脖哥厨房webber bro food-东直门二店,B11,5019,北京
一店的,1560944791763246,望京六佰本,1574581858985922,包虾婆实验室,1560944835199610,A8,望京六佰本  北京,包虾婆实验室-望京六佰本,A8,5071,北京
一店的,1548233988385650,五道口一店,1573792827090826,叫了个炸鸡,1548239327873524,A16,五道口一店  北京,叫了个炸鸡五道口一店,A16,4881,北京
一店的,1548233983869361,望京,1573615731792560,大先生小碗菜,1548239265044743,A3,望京西园  北京,居众屋（望京西园）,A3,5239,北京
一店的,1548233983869361,望京,1573615731792560,大先生小碗菜,1548239265482205,A4,望京商业中心 北京,大先生小碗菜（望京商业中心店）,A4,4907,北京
一店的,1548233985397507,上地,1574491368785676,卷饼王炸串,1548239284159883,D2+(分割),,,,0,北京
一店的,1548233983142584,新荟城店,1573039246582345,小团圆眷村菜·家常菜,1548239253435595,A3,新荟城  北京,小团圆眷村菜-新荟城店,A3,5236,北京
一店的,1565241756543794,叶家宅路店,1574762774128442,烫将,1565241784302535,B5,"叶家宅路店,叶家宅路店  上海",烫将-叶家宅店,B5,4769,上海
一店的,1548233987535533,方庄,1573437643660455,甲乙饼,1548239313418880,A10,方庄  北京,甲乙饼KA（方庄店）,A10,5183,北京
一店的,1548233986082122,酒仙桥二店,1573806696544804,膳练,1548239292665485,A8,,,,0,北京
一店的,1548233986082122,酒仙桥二店,1573806696544804,膳练,1548239292958176,A10,酒仙桥二店  北京,家的味道-酒仙桥二店,A10,5650,北京
一店的,1561443493739244,华贸天地,1573352064624175,三米粥铺,1565061080036188,A8,华贸天地 北京,三米粥铺(华贸天地）,A8,4912,北京
一店的,1548233981922675,长虹桥,1571305668032617,鬼笑食,1548239242808821,A11,长虹桥  北京,鬼笑食-长虹桥一店,A11,3979,北京
一店的,1565330730609659,东直门二店,1575283909264194,午酒小炸,1569309242846830,B18,东直门二店  北京,午酒小炸-东直门二店,B18,5020,北京
一店的,1548233985051132,十里堡二店,1572952913234539,肥企鹅厨房,1548239277963468,A1,十里堡二店,四小儿妹红烧肉-十里堡二店,A1,5086,北京
一店的,1548233987710366,东直门,37653504778240,青渝蓝之麻辣香锅,1548239314441615,A2,东直门  北京,青渝蓝之麻辣香锅(东直门店),A2,3950,北京
一店的,1565241756422264,协和路二店,1574669939450976,杨铭宇黄焖鸡,1565241782113231,C204,协和路二店,杨铭宇黄焖鸡米饭（协和路二店）,C204,5259,上海
一店的,1557397275473578,牡丹园,1574132810517422,叫了一个炸鸡,1557397366888529,D2,牡丹园  北京,叫了一个炸鸡-牡丹园,D2,5108,北京
一店的,1548233984304802,驼房营,1573012715539295,小鱼大作酸菜鱼,1548239267538861,A8,驼房营  北京,小鱼大作-驼房营,A8,4988,北京
一店的,1557397275473578,牡丹园,1575032067867342,不加油De鸡汤饭,1557397359755526,B5,牡丹园  北京,不加油De鸡汤饭-牡丹园,B5,5109,北京
一店的,1548233982272822,右安门,1573197674641240,云南过桥米线,1548239246175189,B1,右安门 北京,云南过桥米线（右安门店）,B1,5384,北京
一店的,1565241755542631,河南北路店,1574333380822360,晨曦炖汤,1565241779980532,A3,河南北路店  上海,晨曦炖品(河南北路店),A3,5402,上海
一店的,1548233988385650,五道口一店,1550026518743855,驴肉火烧,1548239327436186,A12,五道口一店  北京,驴肉火烧五道口一店,A12,3931,北京
一店的,1548233988385650,五道口一店,1550026517015143,堡藏,1548239328165618,B2,五道口一店  北京,堡藏五道口一店,B2,3929,北京
一店的,1558349108715778,新荟城二店,37653504520192,囧多多易拉罐茶油炒饭,1558349175489156,A1,新荟城二店北京,囧多多茶油炒饭-新荟城二店,A1,5234,北京
一店的,1565241755634124,淮海东路店,1575024120716981,鲍喜鲍鱼饭.炖品,1565241777081920,B3,淮海东路一店 上海,鲍喜鲍鱼饭.炖品-淮海东路店,B3,5448,上海
一店的,1548233986814497,呼家楼,1553851789267231,云南过桥米线,1548239303395761,A12,呼家楼  北京,云南过桥米线-呼家楼,A12,5327,北京
一店的,1548233986814497,呼家楼,1550026528525646,三味凉皮烤冷面,1548239304711295,B10,呼家楼  北京,三味凉皮肉夹膜-呼家楼,B10,3735,北京
一店的,1548233982272822,右安门,37653501353984,共禾之约·创意轻食,1548239246760761,B7,右安门 北京,共禾之约（右安门店）,B7,4727,北京
一店的,1548233982272822,右安门,37653501376512,由氏麻辣香锅,1548239246907926,B8,右安门 北京,由氏麻辣香锅（右安门店）,B8,4416,北京
一店的,1548233986981233,国展,1550026523786489,站点比萨,1548249307808956,B6B,国展  北京,站点比萨-国展,B6B,3653,北京
一店的,1566996964187782,天山西路店,58184931698688,小拌同学,1566996975771628,B8,天山西路店 上海,小拌同学 天山西路店,B8,4888,上海
一店的,1565241755717343,江宁路店,1575019130170887,海盗虾饭,1565241777595336,C13,江宁路1店 上海,海盗虾饭（江宁路店）,C13,5218,上海
一店的,1548233986981233,国展,1550026520682379,东北特色砂锅米线,1548239307515627,B7,国展  北京,东北砂锅米线-国展,B7,3654,北京
一店的,1548233981747979,中关村,1573446371596186,Teresa's Foods,1548239240310440,A1,中关村  北京,Teresa‘s foods（中关村店）,A1,4918,北京
一店的,1565241755717343,江宁路店,1574648460606259,荣兴鲍鱼捞饭,1568811699423217,A12,江宁路1店 上海,荣兴鲍鱼饭(江宁路店）,A12,5219,上海
一店的,1566996964187782,天山西路店,1573206311306864,牟家齐,1566996975564525,A5,天山西路店 上海,暹香·泰茶 天山西路店,A5,4886,上海
一店的,1548233983688653,望京西园,37653503881216,共禾之约·创意轻食,1548239263874132,A6,望京西园  北京,共禾之约,A6,3538,北京
一店的,1548233981574173,铸诚大厦,37653503881216,共禾之约·创意轻食,1548239239283175,A6,铸诚大厦  北京,共禾之约·创意轻食-铸诚大厦店,A6,3762,北京
一店的,1565241756422264,协和路二店,1573867125128657,鲍汁一品暖心煲,1565241782259657,C211,协和路二店,鲍汁一品·暖心煲（协和路二店）,C211,5268,上海
一店的,1565241755717343,江宁路店,1574664801043990,屿园厦门沙茶面,1565241777141200,A1,江宁路1店 上海,屿园厦门沙茶面-江宁路店,A1,5743,上海
一店的,1565241756422264,协和路二店,1575034179045836,甜心脆皮鸡米饭,1565241782534520,C225,协和路二店,甜心脆皮鸡米饭（协和路二店）,C225,4809,上海
一店的,1548233985910790,梨园,1574848887585948,百鲜花甲米线,1548239290164299,A6,梨园  北京,百鲜花甲粉-梨园,A6,4946,北京
一店的,1548233987710366,东直门,37653504034816,梁小猴港式铁板炒饭,1548239316732992,A19,东直门  北京,梁小猴炒饭-东直门,A19,3606,北京
一店的,1565241755953135,兰溪路店,1575249845084398,叽叽咋咋秘制鸡煲,1565241779284240,B3,兰溪路店 上海,叽叽咋咋秘制鸡煲-兰溪路店,B3,5199,上海
一店的,1565241755994293,灵石路店,1574390087364367,赖胖子肉蟹煲,1565241776242912,B10,灵石路店   上海,赖胖子肉蟹煲（灵石路店）,B10,5306,上海
一店的,1565241756236183,松江路店,1574807264730741,湘遇辣不怕,1565241783091480,B2,松江路店,湘遇辣不怕-松江路店,B2,5358,上海
一店的,1571395003064816,汇海广场,1574049067228413,麻辣香锅,1571395026088295,A15,,,,0,深圳
一店的,1565241755678564,淮海东路二店,1575019130170887,海盗虾饭,1565241778806568,A3,淮海东路二店   上海,海盗虾饭-淮海东路二店,A3,5314,上海
一店的,1570790085525149,商城路店,1575367289434903,麻辣烫,1570790144232895,A11,商城路店 上海,麻辣烫-商场路店,A11,5465,上海
一店的,1565241755994293,灵石路店,1575270342597135,小蛮椒麻辣烫,1565241776264772,B11,灵石路店   上海,小蛮椒麻辣烫（灵石路店）,B11,5307,上海
一店的,1565560750566423,梅华路店,41557637238784,口口湘•辣椒炒肉（个体）,1565560807019531,A15,,,,0,深圳
一店的,1565560750566423,梅华路店,41557637238784,口口湘•辣椒炒肉（个体）,1565560807038628,A16,,,,0,深圳
一店的,1565560750566423,梅华路店,1571208555200353,吉野家,1565560806841193,A3,,,,0,深圳
一店的,1565241755841172,金沙江路二店,53229225314304,pupu扑扑轻食粥,1565241784825295,A3,金沙江路二店,PUPU扑扑轻食粥(金沙江路二店),A3,5166,上海
一店的,1570790085525149,商城路店,1574931626318352,潮到底,1570790144194938,A9,商城路店 上海,潮到底-商场路店,A9,5466,上海
一店的,1565241755717343,江宁路店,1574931626318352,潮到底,1568811699310937,A8,江宁路1店 上海,潮到底-江宁路店,A8,5393,上海
一店的,1565241755445630,国定东路店,1574931626318352,潮到底,1565241780403691,A11,国定东路店 上海,潮到底-国定东路店,A11,5693,上海
一店的,1565241756194463,四川北路一店,1574931626318352,潮到底,1565241775799823,B2,四川北路1店 上海,蜀山姑娘火锅鸡（民达）,B2,4877,上海
一店的,1548233988217556,大望路,1574767405953596,棒杰克意式手工披萨,1548239323632545,A3,大望路店  北京,棒杰克手工比萨-大望路,A3,5137,北京
一店的,1548233983513828,五道口二店,1573091310014411,瑰族-椒椒麻香鱼,1548239262109251,B11,五道口二店  北京,椒椒麻香鱼五道口二店,B11,5188,北京
一店的,1548233982272822,右安门,1573268401728493,小鱼大作酸菜鱼,1548239247402974,A1,右安门 北京,小鱼大作酸菜鱼右安门店,A1,5133,北京
一店的,1553865620850490,马家堡,1575699148723427,吃鸡战队,1553865821703689,A2,马家堡  北京,吃鸡战队-马家堡,A2,5034,北京
一店的,1548233984537722,四道口,1575011368552168,小白家章鱼烧,1548239272675184,A16,四道口  北京,小白家章鱼烧（四道口店）,A16,4820,北京
一店的,1565241755717343,江宁路店,1573495479344557,酥香苑,1568811699378693,A10,江宁路1店 上海,皇城北京烤鸭-江宁路店,A10,5391,上海
一店的,1565241755994293,灵石路店,1575872592552406,拌将干拌麻辣烫,1565241775955635,A1,灵石路店   上海,拌将干拌麻辣烫（灵石路店）,A1,5299,上海
一店的,1557397275473578,牡丹园,50195718266880,龘龘江湖,1557397367616712,D4,牡丹园  北京,龘龘江湖-牡丹园,D4,5110,北京
一店的,1565241755274960,曹杨路店,43491785764864,万酥脆北京烤鸭（赵杰-个体）,1565241783879985,A3,曹杨路一店  上海,万酥脆北京烤鸭(曹杨路店),A3,4743,上海
一店的,1565241755274960,曹杨路店,53229225877504,怕辣么,1565241783898540,A5,曹杨路一店  上海,怕辣吗（曹杨店）,A5,4883,上海
一店的,1565241755757132,江宁路二店,1575340972494775,地中海烤肉,1565241781098465,A20,江宁路二店 上海,地中海烤肉江宁路二店,A20,5293,上海
一店的,1565241755841172,金沙江路二店,1575614817082972,和食屋精致便当,1565241784968107,A12,金沙江路二店,和食町精致便当（金沙江路二店）,A12,5169,上海
一店的,1565241755634124,淮海东路店,1574807264730741,湘遇辣不怕,1565241776849189,A1,淮海东路一店 上海,湘遇辣不怕-淮海东路店,A1,5700,上海
一店的,1565241756360840,武宁路店,1575344234826926,满味儿炒饭,1565241775229228,A2,武宁路店 上海,满味炒饭-武宁路店,A2,5245,上海
一店的,1565241755841172,金沙江路二店,1575614954804411,淮南牛肉汤,1565241785021400,A16,金沙江路二店,淮南牛肉汤（金沙江路二店）,A16,5172,上海
一店的,1565241756464886,协和路一店,1575609260541238,塞上清汤羊肉馆,1565241781686670,A110,协和路一店  ,塞上清汤羊肉馆（协和路一店）,A110,4781,上海
一店的,1565241755841172,金沙江路二店,1575615471513917,太子烤肉脆皮鸡饭,1565241784932984,A10,金沙江路二店,太子烤肉脆皮鸡饭（金沙江二店）,A10,5168,上海
一店的,1565241755841172,金沙江路二店,1575619687321173,振皇鸡,1565241785003753,A15,金沙江路二店,振黄鸡-金沙江路二店,A15,5316,上海
一店的,1548233984537722,四道口,1575340332645857,争鲜,1548239271048174,A2,四道口  北京,争鲜（四道口店）,A2,5174,北京
一店的,1565241755634124,淮海东路店,41555038402560,午酒小炸（加盟-刘艺潇）,1565241776893477,A3,淮海东路一店 上海,午酒小炸-淮海东路店,A3,5318,上海
一店的,1548233983513828,五道口二店,1571815231108273,芳心纵火饭,1548239261669935,B8,五道口二店  北京,芳心纵火饭（五道口二店）,B8,4305,北京
一店的,1548233988385650,五道口一店,1572508855945391,秦留香牛肉面,1548239327290512,A11,五道口一店  北京,秦留香牛肉面五道口一店,A11,4880,北京
一店的,1565241755717343,江宁路店,1572611280513165,颂饭水饺,1568811699336503,A9,江宁路1店 上海,颂饭精致水饺（江宁路店）,A9,5215,上海
一店的,1548233983513828,五道口二店,34435957368865,嗨.骨小妖排骨饭,1548239262405423,B15,五道口二店  北京,骨小妖排骨饭五道口二店,B15,3912,北京
一店的,1571395003064816,汇海广场,61296631812096,平淡是粉,1571395025890487,A6,,,,0,深圳
一店的,1548233982097535,枣营麦子店,1575793251155758,麻辣小海鲜,1548239244711739,B6,枣营麦子店 北京,虾皇蟹后 麻辣海鲜（麦子店）,B6,4972,北京
一店的,1565241756029486,南京西路店,61313259376640,斐润手工鲜炖燕窝,1565241779629743,A11,"南京西路 上海,南京西路店",斐润手工鲜炖燕窝（南京西路店）,A11,5233,上海
一店的,1565241756422264,协和路二店,1575283884589266,品湘客湖南特色米粉,1565241782171631,C207,协和路二店,品香客湖南特色米粉（协和路二店）,C207,5262,上海
一店的,1565241756422264,协和路二店,1575891499018962,湘约骨汤麻辣烫,1565241782094338,C203,协和路二店,湘约骨汤麻辣烫（协和路二店）,C203,5258,上海
一店的,1565241755800953,金沙江路店,1569555836264405,鲍味尊,1565241783626879,A16,"金沙江路1店,金沙江路店 上海",鲍尊味(金沙江路店),A16,5156,上海
一店的,1548233987348756,广渠门,60993391958016,麻辣诱惑,1548239311637722,A10,广渠门  北京,麻辣诱惑-广渠门,A10,4958,北京
一店的,1565560737533882,龙舌路店,62063671463936,安庆小吃,1565560791257395,A17,龙舌路店,安庆小吃-龙舌路店,A17,5212,杭州
一店的,1565560737178944,古墩路店,62068743698432,一纸鸡锡纸烧肉饭,1565560789090499,A2,古墩路店 杭州,老台北奶茶（古墩店）,A2,4320,杭州
一店的,1565241756464886,协和路一店,61002240262144,蜀小丫,1565241781851948,A118,协和路一店  ,蜀小丫（协和路一店）,A118,4787,上海
一店的,1565560750566423,梅华路店,41557637154816,一路飘香BBQ（加盟）,1565560807002407,A13,,,,0,深圳
一店的,1565560750566423,梅华路店,41557637130240,三也冰粉（个体）,1565560807089282,A19,,,,0,深圳
一店的,1565560750566423,梅华路店,41557637072896,满園私房锅包肉（加盟）,1565560807130822,B1,,,,0,深圳
一店的,1565560737178944,古墩路店,61837628250112,深夜的喵,1565560789392644,B11,古墩路店 杭州,第一焗.焗饭（古墩店）,B11,4181,杭州
一店的,1565560750621836,深南东路店,1574412788627455,饭菜蒸香,1565560806457965,B11,,,,0,深圳
一店的,1565560750621836,深南东路店,1574412788627455,饭菜蒸香,1565560806476749,B12,深南东路店 深圳,米琪星厨,B12,4478,深圳
一店的,1565560750621836,深南东路店,1574412788627455,饭菜蒸香,1565560806495475,B13,深南东路店 深圳,米琪星厨,B13,4478,深圳
一店的,1566456449065193,三元桥,1570665956764208,多吉事,1566456464893142,A3,三元桥  北京,多吉事-三元桥,A3,5053,北京
一店的,1565560737178944,古墩路店,1550026526585487,牛小二嫩牛五方,1565560789154854,A6,古墩路店 杭州,牛小二嫩牛五方-古墩路店,A6,5530,杭州
一店的,1557397275473578,牡丹园,1573091003550401,南宫小姐姐朝鲜族拌饭,1557397369824118,E2,牡丹园  北京,南宫小姐姐朝鲜族拌饭-牡丹园,E2,5111,北京
一店的,1565241755800953,金沙江路店,43495431563264,美润大馅水饺,1565241783448747,A6,"金沙江路1店,金沙江路店 上海",谈老爷水饺-金沙江路店,A6,5149,上海
一店的,1565241756422264,协和路二店,1568011523193984,居韩屋,1565241782152230,C206,协和路二店,居韩屋（协和路二店）,C206,5260,上海
一店的,1565330730609659,东直门二店,1575428057613202,凉皮先生,1569309242648814,B5,东直门二店  北京,凉皮先生-东直门二店,B5,5021,北京
一店的,1565330730659182,六里桥,60603774674944,云天炖品,1565330790194203,A7,六里桥  北京,云天炖品-六里桥,A7,5008,北京
一店的,1548233986981233,国展,1565670464681435,棒杰克意式手工披萨,1548239305004781,A1,国展  北京,棒杰克-国展,A1,5063,北京
一店的,1548233984304802,驼房营,37653501734912,东北特色砂锅米线,1548239267245880,A6,驼房营  北京,东北特色砂锅米线,A6,4259,北京
一店的,1548233987710366,东直门,62534454427648,妈妈味道,1548239315317324,A9,东直门  北京,妈妈的味道--东直门,A9,5186,北京
一店的,1557397275473578,牡丹园,1575335723353798,大厨小炖,1557397370865878,E3,牡丹园  北京,大厨小炖-牡丹园,E3,5112,北京
一店的,1548233986814497,呼家楼,61125994237952,三米粥铺,1548239304125702,B6,呼家楼  北京,三米粥铺-呼家楼,B6,5626,北京
一店的,1565330730659182,六里桥,1575788136859700,吕记东北麻辣拌,1565330790211742,A8,六里桥  北京,吕记东北麻辣拌-六里桥,A8,5009,北京
一店的,1557397275412512,双井二店,62588545402880,老饭盒炖肉,1557397352955888,A10,双井二店  北京,老饭盒炖肉-双井二店,A10,4829,北京
一店的,1548233985739387,日坛,1575970167265466,小竹签烧烤,1548239288706292,B2,日坛店 北京,小竹签烧烤-日坛店,B2,4902,北京
一店的,1548233985397507,上地,61340101568512,遇花溪苗家牛肉粉,1548239284305675,D3,上地   北京,遇花溪苗家牛肉粉上地店,D3,4924,北京
一店的,1548233985051132,十里堡二店,1574520032755325,大先生小碗菜,1548239278694959,A7,十里堡二店,大先生小碗菜-十里堡二店,A7,5087,北京
一店的,1557397275473578,牡丹园,37653504778240,青渝蓝之麻辣香锅,1557397369596607,E1,牡丹园  北京,青渝蓝之麻辣香锅-牡丹园,E1,5113,北京
一店的,1557397275473578,牡丹园,1555136234792566,中街1946,1557397359816993,B6,牡丹园  北京,中街1946-牡丹园,B6,5114,北京
一店的,1548233985397507,上地,1555136234792566,中街1946,1548239283136868,B9,上地   北京,中街1946上地店,B9,4926,北京
一店的,1548233987348756,广渠门,1575019680798388,小白家章鱼烧,1548239312396270,A16,广渠门  北京,小白家章鱼烧-广渠门,A16,4962,北京
一店的,1566455383731236,劲松,62536813807616,嗨，骨小妖排骨饭,1566455402183271,A13,劲松  北京,嗨·骨小妖排骨饭(劲松店),A13,4919,北京
一店的,1548233985051132,十里堡二店,1574520032755325,大先生小碗菜,1548239278547126,A6,十里堡二店,大先生小碗菜-十里堡二店,A6,5087,北京
一店的,1565560737178944,古墩路店,1550026530831262,四季粥铺,1565560789242293,B1,古墩路店 杭州,四季粥铺（古墩路店）,B1,4170,杭州
一店的,1566268131111237,长虹桥二店,1568088186343833,腩神,1566268154257761,B20,长虹桥二店  北京,腩神港式牛腩-长虹桥二店,B20,4983,北京
一店的,1548233984304802,驼房营,61517257224192,一号鸡秘,1548239267684117,B1,驼房营  北京,1号鸡秘-驼房营,B1,4985,北京
一店的,1548233988385650,五道口一店,1575954757701528,派乐汉堡,1548239326413217,A5,五道口一店  北京,派乐汉堡五道口一店,A5,4948,北京
一店的,1548233989054830,星光影视园2F,61536499623936,天赐主食厨房,1548239335224899,B3,星光影视园2F,天赐主食厨房-星光影视园2F,B3,5737,北京
一店的,1565241755445630,国定东路店,53229224992768,鱼小喵在成都,1565241780346920,A8,国定东路店 上海,鱼小喵在成都-国定东路店,A8,5694,上海
一店的,1548233986981233,国展,1550026510080234,站点比萨,1548239307369937,B6,,,,0,北京
一店的,1548233984537722,四道口,1550026525150414,伏牛堂元气牛脊骨头饭,1548239270898392,A1,四道口  北京,伏牛堂元气牛脊骨头饭（四道口店）,A1,4821,北京
一店的,1558349108715778,新荟城二店,62236055646208,俏来鲜东北手工饺子,1558349175525828,A2,新荟城二店北京,俏来鲜东北手工饺子新荟城店,A2,4699,北京
一店的,1548233988385650,五道口一店,1575020055972698,串小贱秘制铁板烤串,1548239329065825,B9,五道口一店  北京,贱小串秘制铁板小串五道口一店,B9,4879,北京
一店的,1566996964187782,天山西路店,1572338036676235,湘味浏阳蒸菜,1566996975515451,A1,天山西路店 上海,湘味浏阳蒸菜 天山西路店,A1,4885,上海
一店的,1566455383731236,劲松,62236055646208,俏来鲜东北手工饺子,1566455402045895,A6,劲松  北京,俏来鲜东北手工饺子劲松店（未经营）,A6,5409,北京
一店的,1566455383731236,劲松,1574297393591492,四有青年米粉面,1566455402064294,A7,劲松  北京,四有青年米粉面-劲松店（未经营）,A7,5410,北京
一店的,1548233983513828,五道口二店,1555136234792566,中街1946,1548239262995507,B19,五道口二店  北京,中街1946五道口二店,B19,4039,北京
一店的,1548233985910790,梨园,62906014289920,有一家烤肉饭,1548239290749585,A11,梨园  北京,有一家烤肉饭-梨园,A11,4954,北京
一店的,1548233984884458,十里河,37653504778240,青渝蓝之麻辣香锅,1548239277234494,A8,十里河  北京,青渝蓝之麻辣香锅-十里河店,A8,5419,北京
一店的,1553865620850490,马家堡,1555136234792566,中街1946,1553865822569602,A17,马家堡  北京,中街1946-马家堡,A17,5036,北京
一店的,1565241756464886,协和路一店,63323027359744,咖喱遇见土豆,1565241781872685,A119,协和路一店  ,咖喱遇见土豆（协和路一店）,A119,4788,上海
一店的,1548233988722144,经开大厦,63442644240384,孙大胜手工擀面皮,1548239333012674,A10,经开大厦 北京,孙大胜手工擀面皮-经开,A10,5654,北京
一店的,1565241755678564,淮海东路二店,62247240740864,牛家人大碗牛肉面,1565241779066241,A20,淮海东路二店   上海,牛家人大碗牛肉面-淮海东路二店,A20,5707,上海
一店的,1565241755445630,国定东路店,61355672537088,脆霸嫩牛五方,1565241780327765,A7,国定东路店 上海,脆霸嫩牛五方-国定东路店,A7,5254,上海
一店的,1570790085525149,商城路店,61860901158912,烘蛋森林,1570790144157490,A7,商城路店 上海,烘蛋森林-商场路店,A7,5471,上海
一店的,1565241756464886,协和路一店,63481238599680,来一大盘鸡,1565241781750140,A113,协和路一店  ,来一大盘鸡（协和路一店）,A113,4784,上海
一店的,1566455383731236,劲松,62392732729344,晨记烤鸡架,1566455402147347,A11,劲松  北京,晨记烤鸡架-劲松店（未经营）,A11,5412,北京
一店的,1566456449065193,三元桥,63305494472704,井盒炒饭,1566456464931624,A6,三元桥  北京,井盒炒饭-三元桥,A6,5055,北京
一店的,1548233988722144,经开大厦,63069762721792,小蛮椒麻辣烫,1548239332135229,A3,经开大厦 北京,小蛮椒麻辣烫-经开,A3,5655,北京
一店的,1565330730609659,东直门二店,61885092366336,至味优粮,1569309242797748,B15,东直门二店  北京,至味优粮-东直门二店,B15,5023,北京
一店的,1548233986981233,国展,1550026527769320,望京小腰,1548239306760718,A16,国展  北京,望京小腰-国展,A16,4301,北京
一店的,1548233984884458,十里河,63789907630080,养生鼎鲍汁捞饭,1548239277380210,A9,十里河  北京,养生鼎健康餐-十里河店,A9,4966,北京
一店的,1548233981922675,长虹桥,63075255011328,朱丽叶过桥米线,1548239241923873,A3,长虹桥  北京,朱丽叶米线-长虹桥一店,A3,3970,北京
一店的,1557397275473578,牡丹园,37653499498496,极度比萨,1557397358598417,A6,牡丹园  北京,颂饭水饺-牡丹园,A6,5115,北京
一店的,1566268131111237,长虹桥二店,63821106208768,恰粉恰汤食在南昌,1566268153944308,B1,长虹桥二店  北京,恰粉恰汤食在南昌-长虹桥二店,B1,5670,北京
一店的,1548233983142584,新荟城店,1566114275103257,排骨会飞,1548239254020465,A9,新荟城  北京,排骨会飞-新荟城店,A9,5240,北京
一店的,1557397275473578,牡丹园,62931739947008,吉大圣,1557397366918857,D3(分割),牡丹园  北京,吉大圣-牡丹园,D3(分割),5116,北京
一店的,1565330730609659,东直门二店,34435957254155,麦小六健康餐,1569309242830407,B17,东直门二店  北京,Q-东直门二店,B17,5026,北京
一店的,1566996964211654,淞沪路店,63805181667328,烘焙前线（淞沪路店）,1577159888946391,花车1,,,,0,上海
一店的,1566996964232353,天山路店,63805872195584,烘焙前线（天山路）,1577159888963371,花车1,,,,0,上海
一店的,1565241756464886,协和路一店,63284441362432,烘培前线（协和路店）,1577159888911481,花车1,,,,0,上海
一店的,1560944791763246,望京六佰本,62065623803904,有一家烤肉饭,1560944837657648,B3,望京六佰本  北京,有一家烤肉饭-望京六佰本,B3,5072,北京
一店的,1565597638438726,国美第一城,63831048757248,有一家烤肉饭,1565597658163944,A7,国美第一城  北京,有一家烤肉饭-国美第一城,A7,4998,北京
一店的,1558349108715778,新荟城二店,45733697449984,零悦轻食,1558349176358186,A10,新荟城二店北京,全然全食-新荟城二店,A10,4713,北京
一店的,1548233985397507,上地,45733697449984,零悦轻食,1548239283574818,C2,上地   北京,全然全食上地店,C2,4894,北京
一店的,1566268131111237,长虹桥二店,45733697449984,零悦轻食,1566268154049717,B7,长虹桥二店  北京,零悦轻食-长虹桥二店,B7,4971,北京
一店的,1565597638438726,国美第一城,62590106937344,寿司,1565597658127793,A5,国美第一城  北京,寿司-国美第一城,A5,5000,北京
一店的,1548233981922675,长虹桥,1575872557122517,原味觉醒,1548239242071583,A5,长虹桥  北京,TRIBE-长虹桥一店,A5,5648,北京
一店的,1565241755274960,曹杨路店,63115080437760,原味觉醒,1565241784079427,A15,曹杨路一店  上海,TRIBE健康轻食(曹杨店),A15,4890,上海
一店的,1566996964250366,曹杨路二店,63600463667200,烘焙前线（曹阳2店）,1577159888980590,花车1,,,,0,上海
一店的,1570790085525149,商城路店,63601304608768,烘培前线（商城路店）,1577159888997950,花车1,,,,0,上海
一店的,1572674723524265,斜徐路店,63807391375360,烘培前线（斜徐路店）,1577159889013139,花车1,,,,0,上海
一店的,1565241755274960,曹杨路店,63115080437760,原味觉醒,1565241783935275,A7,曹杨路一店  上海,原味觉醒-曹杨路店,A7,5681,上海
一店的,1548233985910790,梨园,1550026506440837,青渝蓝(个体加盟-吴女士),1548239291487665,A17,梨园  北京,青渝蓝之麻辣香锅-梨园,A17,4955,北京
一店的,1548233984537722,四道口,34497463945276,秋露水果捞,1548239272090701,A11,四道口  北京,秋露水果捞（四道口店）,A11,5173,北京
一店的,1565241755274960,曹杨路店,1575716964815761,东北农大饺子馆,1565241784060658,A13,曹杨路一店  上海,东北农大饺子馆(曹杨店),A13,4889,上海
一店的,1565241755953135,兰溪路店,1575716964815761,东北农大饺子馆,1565241779419278,B10,兰溪路店 上海,东北农大饺子馆-兰溪路店,B10,5204,上海
一店的,1565241755800953,金沙江路店,1575716964815761,东北农大饺子馆,1565241783756288,A22,金沙江路店 上海,东北农大饺子馆-金沙江路店,A22,5455,上海
一店的,1565241756314452,吴中路店,1575716964815761,东北农大饺子馆,1566544367768264,A2,吴中路 上海,东北农大饺子馆-吴中路店,A2,5520,上海
一店的,1557397275412512,双井二店,34435959719973,蓝色妖姬台湾菜·亲子餐厅,1576564860248880,B1,双井二店  北京,蓝色妖姬台湾菜-双井二店,B1,5406,北京
一店的,1565560737178944,古墩路店,1550026512667182,虾滋道,1565560789325503,B7,古墩路店 杭州,堕落小龙虾（古墩店）,B7,4179,杭州
一店的,1565241756543794,叶家宅路店,63599762479104,烘焙前线（叶家宅路店）,1577159888929465,花车1,,,,0,上海
一店的,1548233985739387,日坛,1575345540497513,往后渔笙,1548239288413294,A7,日坛店 北京,往后渔笙-酸菜鱼-日坛店,A7,4900,北京
一店的,1557397275473578,牡丹园,64227659368448,黔小许贵州牛肉粉,1577441642136173,D3A(分割),牡丹园  北京,黔小许贵州牛肉粉-牡丹园,D3A(分割),5117,北京
一店的,1566455383731236,劲松,61868753362944,早点吃早餐,1566455402129254,A10,劲松  北京,早点吃早餐(劲松店),A10,4915,北京
一店的,1565330730609659,东直门二店,62236055646208,俏来鲜东北手工饺子,1569309242764719,B12,东直门二店  北京,俏来鲜东北手工饺子-东直门二店,B12,5029,北京
一店的,1565241755913909,控江路店,1575536358212967,湘遇辣不怕,1565241782918808,B20,控江路店,湘遇辣不怕-控江路店,B20,5460,上海
一店的,1565241755913909,控江路店,1575536358212967,湘遇辣不怕,1565241782633945,B3,控江路店,湘遇辣不怕-控江路店,B3,5460,上海
一店的,1565241755913909,控江路店,1575536358212967,湘遇辣不怕,1565241782610162,B2,控江路店,湘遇辣不怕-控江路店,B2,5460,上海
一店的,1565241755717343,江宁路店,1575536358212967,湘遇辣不怕,1565241777261853,B1,江宁路1店 上海,辣不怕-江宁路店,B1,5394,上海
一店的,1548233983513828,五道口二店,60594701127680,日料一心,1548239261230523,B5,五道口二店  北京,日料一心五道口二店,B5,5187,北京
一店的,1565241755913909,控江路店,1575716964815761,东北农大饺子馆,1565241782899815,B19,控江路店,东北农大饺子馆-控江路店,B19,5279,上海
一店的,1565241755274960,曹杨路店,63115080437760,原味觉醒,1565241783917751,A6,曹杨路一店  上海,原味觉醒-曹杨路店,A6,5681,上海
一店的,1565597638438726,国美第一城,63249561366528,派乐汉堡,1565597658215103,A10,国美第一城  北京,派乐汉堡-国美第一城,A10,5001,北京
一店的,1565241755274960,曹杨路店,63115080437760,原味觉醒,1565241784015360,A11,曹杨路一店  上海,原味觉醒-曹杨路店,A11,5681,上海
一店的,1570790085525149,商城路店,64357094948864,心动饭,1570790144251360,A12,商城路店 上海,心动饭-商场路店,A12,5472,上海
一店的,1548233986814497,呼家楼,37653508196352,汤先生汤馆,1548239303979679,B5,呼家楼  北京,汤先生汤馆-呼家楼,B5,5176,北京
一店的,1566996964270974,古北路店,62758659655680,牛家人大碗牛肉面,1566996977431437,A11,古北路店 上海,牛家人大碗牛肉面-古北路店,A11,5431,上海
一店的,1566996964270974,古北路店,62758659655680,牛家人大碗牛肉面,1566996977447391,A12,古北路店 上海,牛家人大碗牛肉面-古北路店,A12,5431,上海
一店的,1566455383731236,劲松,61353267808256,多味煲,1566455402110952,A9,劲松  北京,多味煲-劲松店（未经营）,A9,5411,北京
一店的,1548233982272822,右安门,1550026525590352,蔬方轻食,1548239246028237,C8,右安门 北京,蔬方轻食（右安门店）,C8,4415,北京
一店的,1548233985397507,上地,37653509128192,华莱士,1548239282843767,B7,上地   北京,华莱士上地店,B7,4921,北京
一店的,1565241755717343,江宁路店,1568457194023989,拌将干拌麻辣烫,1568811699649254,C3,江宁路1店 上海,拌将-江宁路店,C3,5390,上海
一店的,1548233982966194,雅宝城,1575366362849568,米特工黯然销魂饭,1548239252849800,B15,雅宝城  北京,米特工黯然销魂饭-雅宝城,B15,5475,北京
一店的,1557397275473578,牡丹园,63319196372992,等你呦（秘汁闷饭）,1557397369298481,D7,牡丹园  北京,等你呦（秘汁闷饭）-牡丹园,D7,5118,北京
一店的,1565241756422264,协和路二店,64496916715520,东北烤冷面,1565241782397860,C217,协和路二店,东北烤冷面（协和路二店）,C217,5275,上海
一店的,1566996964187782,天山西路店,1575894593178183,江南之味,1566996975918803,B18,天山西路店 上海,江南之味 天山西路店,B18,5312,上海
一店的,1565241755634124,淮海东路店,64353081038848,喝汤时间,1565241776873235,A2,淮海东路一店 上海,喝汤时间-淮海东路店,A2,5702,上海
一店的,1548233988722144,经开大厦,55705769488384,禧粥道,1548239332573161,A7,经开大厦 北京,禧粥道-经开大厦,A7,5656,北京
一店的,1565241755953135,兰溪路店,63432488523776,阿楠咖喱给给,1568952916986240,B12,兰溪路店 上海,阿楠咖喱给给(兰溪路店),B12,5205,上海
一店的,1566455383731236,劲松,34435959799856,兄弟东北菜,1566455401962735,A1,劲松  北京,兄弟东北菜(劲松店),A1,4914,北京
一店的,1565241755994293,灵石路店,64367574558720,牛家人大碗牛肉面,1568811697406984,A8,灵石路店   上海,牛家人大碗牛肉面-灵石路店,A8,5463,上海
一店的,1565241755994293,灵石路店,64367574558720,牛家人大碗牛肉面,1568811697441948,A9,灵石路店   上海,牛家人大碗牛肉面-灵石路店,A9,5463,上海
一店的,1577157249977472,天钥桥路店,63806199556096,烘培前线,1577159889030419,花车1,,,,0,上海
一店的,1565241755717343,江宁路店,64512675299328,巴麟珑麻辣香锅,1565241777299668,B3,江宁路1店 上海,春日夏和-江宁路店,B3,5396,上海
一店的,1566996964187782,天山西路店,64011373758464,西域魔厨新疆菜,1566996975548280,A3,天山西路店 上海,西域魔厨 天山西路店,A3,5313,上海
一店的,1548233988556195,石景山,63298016712704,皇茶,1548239330819390,A12,石景山,皇茶-石景山,A12,5719,北京
一店的,1566996964211654,淞沪路店,34504748206097,潮到底,1566996976080745,A8,淞沪路店 上海,潮到底-淞沪路店,A8,5490,上海
一店的,1572674723524265,斜徐路店,34504748206097,潮到底,1572674771242323,A3,斜徐路店 上海,潮到底-斜徐路店,A3,5523,上海
一店的,1566996964232353,天山路店,34504748206097,潮到底,1566996976523915,A2,天山路店 上海,潮到底-天山路店,A2,5507,上海
一店的,1566996964250366,曹杨路二店,34504748206097,潮到底,1566996976986775,A6,曹杨路二店,潮到底-曹杨路二店,A6,5683,上海
一店的,1565560737178944,古墩路店,63269220036608,牛约堡,1565560789110831,A3,古墩路店 杭州,奈哥酸菜鱼（古墩店）,A3,4162,杭州
一店的,1565560737178944,古墩路店,64529500770304,荨香椒麻鸡米饭,1565560789074422,A1,古墩路店 杭州,荨香椒麻鸡米饭-古墩路店,A1,5527,杭州
一店的,1566455383731236,劲松,64557067847680,串意十足,1566455402006390,A3,劲松  北京,串意十足-劲松店（未经营）,A3,5407,北京
一店的,1566455383731236,劲松,64557067847680,串意十足,1566455402025430,A5,劲松  北京,串意十足-劲松店（未经营）,A5,5408,北京
一店的,1565241755542631,河南北路店,63499243954176,牛家人大碗牛肉面,1565241780087140,A8,河南北路店  上海,辣小串烧烤（河南北路店）,A8,4107,上海
一店的,1557397275473578,牡丹园,63068365090816,脆皮鸡饭,1577702792395859,C10,牡丹园  北京,脆皮鸡饭-牡丹园,C10,5119,北京
一店的,1565241755274960,曹杨路店,64844678547456,一纸鸡,1568952916901270,A18,曹杨路一店  上海,一纸鸡（曹杨店）,A18,4882,上海
一店的,1561443493739244,华贸天地,64529406607360,云天炖品-华贸店,1561443660083298,A5,华贸天地 北京,云天炖品鲍鱼饭（华贸天地）,A5,5377,北京
一店的,1565241755542631,河南北路店,63499243954176,牛家人大碗牛肉面,1565241780068113,A7,河南北路店  上海,牛家人大碗牛肉面-河南北路店,A7,5699,上海
一店的,1566996964187782,天山西路店,41555026530305,拿渡麻辣香锅（连锁—董总）,1566996975837472,B12,天山西路店 上海,拿小度麻辣香锅 天山西路店,B12,5311,上海
一店的,1566996964187782,天山西路店,41555030085632,吉野家（连锁直营——姚总）,1566996975595646,A7,天山西路店 上海,吉野家 天山西路店,A7,4884,上海
一店的,1566996964187782,天山西路店,41555030085632,吉野家（连锁直营——姚总）,1566996975611228,A8,天山西路店 上海,吉野家 天山西路店,A8,4884,上海
一店的,1548233983142584,新荟城店,37653508196352,汤先生汤馆,1548239254606355,A16,新荟城  北京,汤先生汤馆-新荟城店,A16,4435,北京
一店的,1565241755757132,江宁路二店,64875275632640,烘培前线,1577946146340569,花车2,,,,0,上海
一店的,1566456449065193,三元桥,63509888067584,汤师傅,1566456465213523,A22,三元桥  北京,汤师傅-三元桥,A22,5056,北京
一店的,1565241755445630,国定东路店,64875275632640,烘培前线,1577946146369119,花车1,,,,0,上海
一店的,1577157249977472,天钥桥路店,41555032594432,人间至味炖品（尹加远-直营）,1577157661389397,A3,天钥桥路店 上海,人间至味炖品-天钥桥路店,A3,5511,上海
一店的,1577157249977472,天钥桥路店,41555032594432,人间至味炖品（尹加远-直营）,1577157661459903,A7,天钥桥路店 上海,人间至味炖品-天钥桥路店,A7,5511,上海
一店的,1565241755634124,淮海东路店,34504748206097,潮到底,1565241776911700,A5,淮海东路一店 上海,潮到底-淮海东路店,A5,5703,上海
一店的,1566996964232353,天山路店,62535708647424,觅小柳手工麻辣拌麻辣烫,1566996976890724,B2,天山路店 上海,觅小柳手工麻辣拌麻辣烫-天山路店,B2,5510,上海
一店的,1577157249977472,天钥桥路店,1574931626318352,潮到底,1577157661477818,A8,天钥桥路店 上海,潮到底-天钥桥路店,A8,5512,上海
一店的,1566456449065193,三元桥,64878046760960,黔小许贵州米线,1566456465003429,A10,三元桥  北京,黔小许贵州米线-三元桥,A10,5057,北京
一店的,1565241755717343,江宁路店,57472003813376,凉皮先生,1577946146399186,C14,江宁路1店 上海,凉皮先生-江宁路店,C14,5453,上海
一店的,1557397275473578,牡丹园,63845286438912,酥爷炖肉饭-蛋包饭,1577702792579277,D9,牡丹园  北京,蛋包饭-牡丹园,D9,5120,北京
一店的,1548233987710366,东直门,62896204761088,香锅儿里辣,1548239316878974,A21,东直门  北京,香锅儿里辣-东直门店,A21,5425,北京
一店的,1548233984537722,四道口,63282502359040,宏状元,1548239273113581,B1,四道口  北京,宏状元（四道口店）,B1,5179,北京
一店的,1560944791763246,望京六佰本,64536041428992,OUMUNI韩式炸鸡,1560944836201295,B2,望京六佰本  北京,OUMUNI韩式炸鸡-望京六佰本,B2,5073,北京
一店的,1565241756236183,松江路店,64523872440320,BECKON.追忆,1565241783011470,A5,松江路店,BECKON.追忆-松江路店,A5,5474,上海
一店的,1565330730659182,六里桥,47060680302638,串小贱秘制铁板小串,1565330790262592,A10,六里桥  北京,串小贱秘制铁板小串-六里桥,A10,5011,北京
一店的,1548233984537722,四道口,65599276488704,而贰煲仔饭,1548239273551112,B5,四道口  北京,而贰煲仔饭-四道口,B5,5637,北京
一店的,1548233982272822,右安门,64347524833280,食味坊炸鸡小吃店,1548239245297591,B9,右安门 北京,食味坊炸鸡小吃店(右安门）,B9,5347,北京
一店的,1565560737621990,庆春路店,65717534316544,一纸鸡锡纸烧肉饭,1565560788394560,B7,,,,0,杭州
一店的,1566268131084473,朝阳路红星美凯龙,65585950044160,十影亭,1566268153895450,C6,朝阳路红星美凯龙  北京,十影亭-朝阳路红星美凯龙,C6,5131,北京
一店的,1548233987348756,广渠门,65611738327040,乐享名膳,1548239311490936,A9,广渠门  北京,乐享名膳-广渠门,A9,5416,北京
一店的,1565560737823266,星光大道店,41556796925952,椰子日记（个体-郦云）,1565560791381378,A6,星光大道店 杭州,椰子日记-星光大道店,A6,5581,杭州
一店的,1565560737823266,星光大道店,41556797097984,老虎堂黑糖専売（加盟-吴鑫森）,1565560791397353,A7,星光大道店 杭州,老虎堂黑糖専売-星光大道店,A7,5585,杭州
一店的,1565560737823266,星光大道店,34435949226022,杭电蛋糕哥,1565560791451516,A10,星光大道店 杭州,杭电蛋糕哥-星光大道店,A10,5588,杭州
一店的,1565241756236183,松江路店,65586186754048,三个先森的韩国炸鸡,1565241783288570,B12,松江路店,三个先森的韩国炸鸡-松江路店,B12,5368,上海
一店的,1548233982272822,右安门,64674310914048,赫小鲜肉蟹煲,1548239247109698,B10,右安门 北京,赫小鲜肉蟹煲(右安门店）,B10,5385,北京
一店的,1548233982792607,悠乐汇,37653503387648,德克士,1548239249306967,A7,"悠乐汇,悠乐汇  北京",德克士  悠乐汇店,A7,4088,北京
一店的,1548233986981233,国展,37653503387648,德克士,1548239307808956,B9,国展  北京,德克士-国展,B9,4420,北京
一店的,1548233982966194,雅宝城,37653503387648,德克士,1548239252557228,B11,雅宝城  北京,德克士-雅宝城,B11,3754,北京
一店的,1548233988385650,五道口一店,1551249382348562,晨曦炖品,1548239327727596,A15,五道口一店  北京,晨曦炖品鲍鱼饭五道口一店,A15,4058,北京
一店的,1548233984304802,驼房营,1551249382348562,晨曦炖品,1548239267830218,B2,驼房营  北京,吾宴鲍鱼饭,B2,4258,北京
一店的,1565597638438726,国美第一城,47526432606208,京谷烧肉饭,1565597658180125,A8,国美第一城  北京,京谷烧肉饭-国美第一城,A8,5002,北京
一店的,1565560737178944,古墩路店,66246693834752,JOE’S TEA,1565560789409851,B12,古墩路店 杭州,炖物24章（古墩店）,B12,4182,杭州
一店的,1565560737621990,庆春路店,34435950731276,蟹三哥肉蟹煲,1565560788622907,C7,庆春路店 杭州,咭力骨碌辣骨饭（庆春路店）,C7,4338,杭州
一店的,1560944791763246,望京六佰本,65775030804480,牛家人大碗牛肉面,1560944835168372,A7,望京六佰本  北京,牛家人大碗牛肉面-望京六佰本,A7,5075,北京
一店的,1566456449065193,三元桥,61875540117504,不加油De鸡汤饭,1566456465283518,A27,三元桥  北京,不加油De鸡汤饭-三元桥,A27,5058,北京
一店的,1548233984714727,双井,65558011576320,汤朝故事·喝汤不将就,1548239276035318,A13,双井  北京,汤朝故事双井店（未经营）,A13,5414,北京
一店的,1565241756422264,协和路二店,56891756328960,东兰路蜀香源麻辣香锅,1565241782194153,C208,协和路二店,蜀香源麻辣香锅（协和路二店）,C208,5265,上海
一店的,1565241755913909,控江路店,1575183904688518,来吃够,1565241782677312,B5,控江路店,来吃够-控江路店,B5,5332,上海
一店的,1565241755717343,江宁路店,41555034310657,麻辣香锅,1565241777536941,C10,江宁路1店 上海,喔喔火锅鸡-江宁路店,C10,5397,上海
一店的,1566456449065193,三元桥,66175794753536,聚和牛腩,1566456465266283,A26,三元桥  北京,聚和牛腩-三元桥,A26,5059,北京
一店的,1548233983513828,五道口二店,65965753929728,番茄爱上鱼,1548239263141439,B20,五道口二店  北京,番茄爱上鱼-五道口二店,B20,5646,北京
一店的,1560944791763246,望京六佰本,64358264080384,叫了个炸鸡,1564056109747716,B5,望京六佰本  北京,叫了个炸鸡-望京六佰本,B5,5076,北京
一店的,1553865620850490,马家堡,65952962068480,小鱼大作酸菜鱼,1553865822092288,A12,马家堡  北京,小鱼大作酸菜鱼-马家堡,A12,5037,北京
一店的,1548233982792607,悠乐汇,37653500962816,莱维贝贝轻食,1548239249892304,A11,悠乐汇  北京,莱维贝贝轻食-悠乐汇,A11,4738,北京
一店的,1548233982272822,右安门,37653506963456,曼玲粥,1548239248281307,C2,右安门 北京,曼玲粥铺（右安门店）,C2,4731,北京
一店的,1565241755678564,淮海东路二店,66266005895168,沙野轻食,1565241778966985,A12,淮海东路二店   上海,沙野轻食-淮海东路二店,A12,5708,上海
一店的,1565560737178944,古墩路店,41556853032960,宾满,1565560789170836,A7,古墩路店 杭州,宾满-古墩路店,A7,5534,杭州
一店的,1565560737178944,古墩路店,41556853032960,宾满,1565560789189275,A8,古墩路店 杭州,宾满-古墩路店,A8,5534,杭州
一店的,1565560737178944,古墩路店,41556853032960,宾满,1565560789206104,A9,古墩路店 杭州,宾满-古墩路店,A9,5534,杭州
一店的,1548233984884458,十里河,67157625178112,小笼卤面,1548239277526746,A10,十里河  北京,小笼蒸面-十里河店,A10,5420,北京
一店的,1548233982966194,雅宝城,66804122546176,轻粮轻食,1548239252119362,B6,雅宝城  北京,轻粮轻食-雅宝城,B6,5485,北京
一店的,1548233983513828,五道口二店,65249326774272,壹只蟹蟹煲饭,1548239260765993,B1,五道口二店  北京,壹只蟹蟹煲饭五道口二店,B1,5206,北京
一店的,1565597638438726,国美第一城,64011669436416,一品生煎,1565597658394689,A21,国美第一城  北京,一品生煎-国美第一城,A21,5003,北京
一店的,1548233986646429,呼家楼二店,1550457053568863,青渝蓝之麻辣香锅,1548239301450206,C6,呼家楼二店  北京,青渝蓝麻辣香锅-呼家楼二店,C6,5351,北京
一店的,1565241756543794,叶家宅路店,67184166428672,隆炎烧烤,1565241784325477,B6,叶家宅路店,隆炎烧烤-叶家宅路店,B6,5761,上海
一店的,1570790085525149,商城路店,67345185820672,虾川枫,1570790144137775,A6,商城路店 上海,虾川枫-商场路店,A6,5473,上海
一店的,1557397275473578,牡丹园,62581825261568,三个先森韩国炸鸡,1577702792374528,C9,牡丹园  北京,三个先森-牡丹园,C9,5671,北京
一店的,1565241755634124,淮海东路店,67345185820672,虾川枫,1565241776936199,A6,淮海东路一店 上海,Y pizza(熊猫星厨淮海东路店）,A6,4318,上海
一店的,1565241755634124,淮海东路店,1550026520467562,串意十足,1565241777062730,B2,淮海东路一店 上海,串意十足-淮海东路店,B2,5398,上海
一店的,1565560737823266,星光大道店,41556796352512,设计書台湾牛肉搞面（加盟-许国平）,1565560791788508,B6,星光大道店 杭州,设计書台湾牛肉搞面-星光大道店,B6,5591,杭州
一店的,1565560737823266,星光大道店,64841378334720,豪派鸡排,1565560792007309,C6-2,,,,0,杭州
一店的,1553865620850490,马家堡,67195095005184,轻食简餐,1553865822109470,A13,马家堡  北京,轻趣轻食-马家堡,A13,5662,北京
一店的,1548233982272822,右安门,37653501296640,李家粥铺,1548239245443991,C3,右安门 北京,幸福粥店（右安门店）,C3,4414,北京
一店的,1565241755913909,控江路店,41555035213824,巴西烤肉饭（加盟-王相伟）,1565241782814859,B15,控江路店,巴西烤肉饭-控江路店,B15,5247,上海
一店的,1565560737823266,星光大道店,34504751384582,味三千,1577676294058433,A5-2,,,,0,杭州
一店的,1565560737823266,星光大道店,68188023975936,南门金峰辣子鸡,1565560791974595,C5,星光大道店 杭州,南门金峰辣子鸡-星光大道店,C5,5598,杭州
一店的,1548233985739387,日坛,34674324566053,牛家人大碗牛肉面,1548239288997709,B4,日坛店 北京,牛家人大碗面-日坛,B4,5470,北京
一店的,1557397275412512,双井二店,67875879157760,小伙伴饭,1557397352981356,A11,双井二店  北京,小伙伴饭-双井二店,A11,5721,北京
一店的,1548233986981233,国展,66845318014976,牛家人大碗牛肉面-国展,1548239305441643,A5,国展  北京,牛家人大碗牛肉面-国展,A5,5635,北京
一店的,1566456449065193,三元桥,1575280671870118,胡杨林新疆炒米粉,1566456464985963,A9,三元桥  北京,胡杨林新疆炒米粉-三元桥,A9,5664,北京
一店的,1565241755953135,兰溪路店,67843569690624,李永清,1565241779263137,B2,兰溪路店 上海,李永清-兰溪路店,B2,5461,上海
一店的,1566996964187782,天山西路店,64878996473856,面道,1566996975691854,B2,天山西路店 上海,向大炮川式面品 天山西路店,B2,5310,上海
一店的,1548233983513828,五道口二店,68117067507712,贡茶,1548239259741185,A12,五道口二店  北京,贡茶-五道口二店,A12,5647,北京
一店的,1565241756236183,松江路店,64512675299328,巴麟珑麻辣香锅,1565241783049191,A7,松江路店,春日夏和-松江路店,A7,5479,上海
一店的,1565560737823266,星光大道店,71087448725504,优布劳精酿啤酒屋,1565560792118114,C9-2,,,,0,杭州
一店的,1565560737652104,秋涛北路店,1242346352343052,四个爸爸,1565560789749839,A17,秋涛北路店 杭州,小碗菜（秋涛北路店）,A17,5235,杭州
一店的,1548233984304802,驼房营,70889613307904,Boom轻食,1548239268852476,B11,驼房营  北京,BOOM！低脂轻食餐-驼房营,B11,4627,北京
一店的,1566996964270974,古北路店,65824399513642,琉璃鲸,1566996977290122,A2,古北路店 上海,琉璃鲸-古北路店,A2,5435,上海
一店的,1548233983513828,五道口二店,1241611087927302,笨小炖牛肉饭,1548239261376430,B6,五道口二店  北京,笨小炖牛肉饭五道口二店,B6,3917,北京
一店的,1565241755491528,国权路店,43491785945088,和番丼饭（张磊-加盟）,1565241776690367,C2,国权路店  上海,和番丼饭-国权路店,C2,5696,上海
一店的,1565560737652104,秋涛北路店,70218897000448,晨曦炖品,1565560789731384,A16,秋涛北路店 杭州,吾宴鲍鱼饭（秋涛北路店）,A16,4172,杭州
一店的,1565241756236183,松江路店,1575249845084398,叽叽咋咋秘制鸡煲,1565241783031579,A6,松江路店,叽叽咋咋秘制鸡煲-松江路店,A6,5480,上海
一店的,1565241755841172,金沙江路二店,47067998324782,苏小蛮火锅鸡米饭,1565241784912770,A9,金沙江路二店,苏小蛮火锅鸡米饭-金沙江路二店,A9,5457,上海
一店的,1548233983513828,五道口二店,1560147999556977,简匆-沙拉低脂轻食,1548239261816805,B9,五道口二店  北京,简匆轻食五道口二店,B9,4020,北京
一店的,1548233982792607,悠乐汇,1555136234792566,中街1946,1548239249013935,A5,悠乐汇  北京,中街1946-悠乐汇,A5,5639,北京
一店的,1548233985397507,上地,1551669966224693,火齐潮汕砂锅粥,1577441642083584,D2+A(分割),,,,0,北京
一店的,1548233988385650,五道口一店,37653508196352,汤先生汤馆,1548239326997749,A9,五道口一店  北京,汤先生汤馆-五道口一店,A9,5645,北京
一店的,1565597638438726,国美第一城,1560220815447813,水果阁下,1565597658304518,A16,国美第一城  北京,水果阁下-国美第一城,A16,5660,北京
一店的,1548233988217556,大望路,1558919204725686,鱼籽丼秘制拌饭@麻辣香锅,1548239324950761,B3,大望路店  北京,鱼籽丼秘制拌饭-大望路,B3,5643,北京
一店的,1565241755953135,兰溪路店,66683718858752,汤之源捞饭,1565241779207820,A8,兰溪路店 上海,汤之源捞饭-兰溪路店,A8,5752,上海
一店的,1565241755634124,淮海东路店,1550026518590920,沙拉自通,1565241777041295,B1,淮海东路一店 上海,沙拉自通-淮海东路店,B1,5704,上海
一店的,1565241755800953,金沙江路店,34674326011964,香辣蟹,1565241783568470,A12,金沙江路店 上海,宋师傅香辣蟹-金沙江路店,A12,5403,上海
一店的,1557397275473578,牡丹园,71785242116096,印湘,1557397366637352,D1,牡丹园  北京,印湘-牡丹园,D1,5712,北京
一店的,1548233984537722,四道口,37653505179648,品味粥点,1548239272821851,A17,四道口  北京,品味粥点-四道口,A17,5638,北京
一店的,1548233983513828,五道口二店,1550026510574397,咕咕炸鸡,1548239261962676,B10,五道口二店  北京,咕咕韩式炸鸡五道口二店,B10,4083,北京
一店的,1548233984714727,双井,1550026514090550,湘当馋,1548239275596895,A10,双井  北京,湘当馋臭豆腐（双井店）,A10,5350,北京
一店的,1557397275473578,牡丹园,1566984632243460,蜜汁烤肉饭,1557397364447162,C5,牡丹园  北京,酱汁烤肉饭（牡丹园）,C5,5345,北京
一店的,1548233986416119,建国门,65941934522368,精酿啤酒,1548239298960229,A5,建国门  北京,精酿啤酒-建国门,A5,5494,北京
一店的,1548233988217556,大望路,1550026522307992,窑鸡王,1548239324072335,A7,大望路店  北京,窑鸡王-大望路,A7,5684,北京
一店的,1582024159337188,瑞和国际二店,63265205178368,鲍喜鲍鱼饭,1582024820584914,C13,瑞和国际二店  北京,鲍喜鲍鱼饭-瑞和国际,C13,5673,北京
一店的,1548233986082122,酒仙桥二店,1568614401569194,小白家章鱼烧,1548239292373305,A6,酒仙桥二店  北京,小白家章鱼烧（酒仙桥店）,A6,4986,北京
一店的,1560944791763246,望京六佰本,37653508155392,沙野轻食,1560944834276270,A5,望京六佰本  北京,沙野轻食-望京六佰本,A5,5263,北京
一店的,1548233987535533,方庄,74252742649856,共和之约创意轻食,1548239312834787,A7,方庄  北京,共禾之约。创意轻食（方庄）,A7,4317,北京
一店的,1548233982272822,右安门,1550026510038532,凉皮先生,1548239247256660,B11,右安门 北京,凉皮先生（右安门店）,B11,4418,北京
一店的,1548233986814497,呼家楼,71763471075328,港式烤鸭饭,1548239302473141,A5,呼家楼  北京,烧鸭饭-呼家楼,A5,5627,北京
一店的,1548233989054830,星光影视园2F,1562669555232880,晓寿司,1548239335810138,B8,星光影视园2F,晓寿司-星光影视园2F,B8,5738,北京
一店的,1565560737823266,星光大道店,68286919047168,爱口福东北水饺,1565560792025446,C7-1,,,,0,杭州
一店的,1565560737823266,星光大道店,68287679553536,牛奶鸡蛋醪糟,1565560792060913,C8-1,,,,0,杭州
一店的,1565560737823266,星光大道店,34435954055177,缙云新烤饼,1565560792101125,C9-1,,,,0,杭州
一店的,1565560737823266,星光大道店,1568192728915599,小马哥,1577676294023878,A5-1,,,,0,杭州
一店的,1565560737823266,星光大道店,1568683506802804,口口绝烤鸭肠,1565560792042518,C7-2,,,,0,杭州
一店的,1565560737823266,星光大道店,73372371654656,罗罐中,1565560791940856,C2,星光大道店 杭州,罗罐中-星光大道店,C2,5614,杭州
一店的,1565241755678564,淮海东路二店,43495430938624,鲍父·鲍鱼捞饭,1565241778782792,A2,淮海东路二店   上海,鲍父鲍鱼捞饭-淮海东路二店,A2,5382,上海
一店的,1548233983513828,五道口二店,66861805131776,万家早安·品致早餐,1548239260180542,A17,五道口二店  北京,万家早安（五道口二店）,A17,5343,北京
一店的,1565560737823266,星光大道店,68190140710912,一种味道,1565560791330320,A2-A3,,,,0,杭州
一店的,1565560737823266,星光大道店,74807063121920,肉饼王,1565560791554865,A13-1,,,,0,杭州
一店的,1565560737823266,星光大道店,68193052483584,董大双鸡子粿,1565560791571353,A13-2,,,,0,杭州
一店的,1565560737823266,星光大道店,1569751290228451,三顾冒菜,1565560791347845,A3,星光大道店 杭州,三顾冒菜-星光大道店,A3,5618,杭州
一店的,1565560737823266,星光大道店,1569751816545427,孙奶奶葱包烩,1565560791434312,A9,星光大道店 杭州,孙奶奶葱包烩-星光大道店,A9,5619,杭州
一店的,1565560737823266,星光大道店,1569751175148250,文和友老长沙臭豆腐大香肠,1565560791468125,A11-1,,,,0,杭州
一店的,1565560737823266,星光大道店,41556796897280,呷呷乐爆汁泡泡鸡（个体-钟俊义）,1565560791667733,A18,星光大道店 杭州,呷呷乐爆汁泡泡鸡-星光大道店,A18,5621,杭州
一店的,1565560737823266,星光大道店,1569751458498188,海赐仙,1565560791844397,B9,星光大道店 杭州,海赐仙-星光大道店,B9,5622,杭州
一店的,1565560737823266,星光大道店,41556796282880,茶千岁（加盟-沈毅锋）,1565560791885444,B10-2,,,,0,杭州
一店的,1565560737823266,星光大道店,64846119624704,驴肉曹,1565560791957342,C3,星光大道店 杭州,驴肉曹-星光大道店,C3,5624,杭州
一店的,1565560737823266,星光大道店,64846327824384,留一碗酸辣粉,1565560792080409,C8-2,,,,0,杭州
一店的,1566456449065193,三元桥,70561214935040,四有青年,1566456465093742,A16,三元桥  北京,四有青年-三元桥,A16,5665,北京
一店的,1566456449065193,三元桥,74785218174976,cocofamily,1566456465231601,A23,三元桥  北京,cocofamily-三元桥,A23,5666,北京
一店的,1548233984884458,十里河,74785728325632,三米粥铺,1548239276620968,A3,十里河  北京,三米粥铺-十里河店,A3,5678,北京
一店的,1557397275412512,双井二店,74096841365504,蓝色妖姬台湾菜,1557397348895591,A3,,,,0,北京
一店的,1565241755913909,控江路店,41555037917184,东北烤冷面（个体-孙亮）,1565241782773405,B10,控江路店,东北烤冷面-控江路店,B10,5336,上海
一店的,1565241755913909,控江路店,43495432038400,文庙菜饭,1565241782837781,B16,控江路店,文庙菜饭-控江路店,B16,5338,上海
一店的,1548233984884458,十里河,74785728325632,三米粥铺,1548239276912311,A6,十里河  北京,四有青年  -十里河店,A6,5418,北京
一店的,1565330730659182,六里桥,1563158314287407,棒杰克意式手工披萨,1565330790394920,A18,六里桥  北京,棒杰克意式手工披萨-六里桥,A18,5661,北京
一店的,1548233988556195,石景山,37653498187776,美妙食客煎饼,1548239330673558,A11,石景山,美妙食客煎饼-石景山,A11,5720,北京
一店的,1565241755757132,江宁路二店,1574067364146480,太太好粥,1565241780931653,A11,江宁路二店 上海,太太好粥江宁路二店,A11,5282,上海
一店的,1565241756360840,武宁路店,41555033505792,靳记臭豆腐&风味炸串,1565241775408506,A11,武宁路店 上海,靳记臭豆腐-武宁路店,A11,5244,上海
一店的,1565241755994293,灵石路店,43495428589568,沙绿轻食粥,1565241776060471,A7,灵石路店   上海,沙绿健康粥（灵石路店）,A7,5302,上海
一店的,1565241755445630,国定东路店,43495430653952,小红帽麻辣香锅,1565241780308150,A6,国定东路店 上海,小红帽麻辣香锅-国定东路店,A6,5404,上海
一店的,1565241755913909,控江路店,41555035234304,重庆鸡公煲（直营-姚佳志）,1565241782592690,B1,控江路店,重庆鸡公煲-控江路店,B1,5248,上海
一店的,1565241755913909,控江路店,41555035234304,重庆鸡公煲（直营-姚佳志）,1565241782878968,B18,控江路店,重庆鸡公煲-控江路店,B18,5248,上海
一店的,1548233988722144,经开大厦,66994485508096,鱼真探烤鱼饭,1548239333158264,A11,经开大厦 北京,鱼真探烤鱼饭-经开大厦,A11,5709,北京
一店的,1570790085525149,商城路店,75346158913536,烤鸭,1570790144212948,A10,,,,0,上海
一店的,1565241755913909,控江路店,43495432058880,曼玲粥店,1565241782859944,B17,控江路店,曼玲粥店-控江路店,B17,5339,上海
一店的,1558349108715778,新荟城二店,74605038075904,堕落小龙虾,1558349175631426,A6,新荟城二店北京,堕落小龙虾(新荟城二店）,A6,4712,北京
一店的,1565560737652104,秋涛北路店,41556796526592,福荣祥烧腊饭（个体-刘坤阳）,1565560789532216,A3,秋涛北路店 杭州,福荣祥烧腊饭-秋涛北路店,A3,5765,杭州
一店的,1565241755800953,金沙江路店,76046185541632,果然是你,1565241783775297,A23,,,,0,上海
一店的,1548233987535533,方庄,1563532667533622,永顺炸鸡,1548239313710478,A12,方庄  北京,永顺炸鸡（方庄店）,A12,5180,北京
一店的,1548233987710366,东直门,1559123800297161,洞庭红,1548239314733173,A5,东直门  北京,湘炒香炒(东直门店),A5,3936,北京
一店的,1548233985568475,软件园,1550026510194297,蔬小仙,1548239286517637,A5,软件园  北京,蔬小仙-软件园,A5,3798,北京
一店的,1548233983688653,望京西园,37653498419200,海盗虾饭,1548239264751772,B7,望京西园  北京,海盗虾饭（望京西园）,B7,4276,北京
一店的,1548233984537722,四道口,1565670464681435,棒杰克意式手工披萨,1548239271631337,A7,四道口  北京,棒杰克意式手工披萨（四道口店）,A7,4811,北京
一店的,1548233985568475,软件园,1566184042628142,张师傅麻辣烫,1548239286223926,A2,软件园  北京,张师傅麻辣烫-软件园,A2,5634,北京
一店的,1548233988217556,大望路,1566283041015861,匠厨便当,1548239323339990,A1,大望路店  北京,匠厨便当-大望路,A1,5685,北京
一店的,1548233987710366,东直门,1565864805957320,遇花溪苗家牛肉粉,1548239317317127,A27,东直门  北京,遇花溪苗家牛肉粉-东直门,A27,5631,北京
一店的,1548233985568475,软件园,34497463988281,老干妈手擀面,1548239285473563,B5,软件园  北京,老干妈手擀面-软件园,B5,5401,北京
一店的,1566268131111237,长虹桥二店,1566283041015861,匠厨便当,1566268154033870,B6,长虹桥二店  北京,匠厨便当-长虹桥二店,B6,5669,北京
一店的,1566268131111237,长虹桥二店,1567396736134114,隋炀帝炒饭,1566268153998907,B3,长虹桥二店  北京,隋炀帝炒饭-长虹桥二店,B3,4965,北京
一店的,1548233981922675,长虹桥,1566378887596896,九门爆肚•烧饼夹肉,33520937357312,A12,长虹桥  北京,九门爆肚粉-长虹桥一店,A12,5070,北京
一店的,1566268131111237,长虹桥二店,1566651176754314,響见你精致便当,1566268154152306,B13,长虹桥二店  北京,響见你精致便当-长虹桥二店,B13,4978,北京
一店的,1566268131111237,长虹桥二店,37653503733760,熊先生三文鱼饭,1566268154173118,B15,长虹桥二店  北京,熊先生三文鱼轻食丼-长虹桥二店,B15,4980,北京
一店的,1566268131111237,长虹桥二店,1566782626510416,小鱼大作,1566268154081488,B9,长虹桥二店  北京,小鱼大作酸菜鱼-长虹桥二店,B9,4973,北京
一店的,1553865620850490,马家堡,1564637837004673,粥拌鲜,1553865823340721,A23,马家堡  北京,粥拌鲜-马家堡,A23,5663,北京
一店的,1548233987710366,东直门,1550026512515629,爸爸的锅包肉,1548239316587937,A18,东直门  北京,SUPER锅包肉-东直门,A18,5632,北京
一店的,1548233988385650,五道口一店,1550026512515629,爸爸的锅包肉,1548239326559818,A6,五道口一店  北京,爸爸的锅包肉五道口一店,A6,4826,北京
一店的,1548233986814497,呼家楼,37653506414592,太太好粥,1548239304272602,B7,呼家楼  北京,太太好粥-呼家楼,B7,5328,北京
一店的,1548233986981233,国展,37653506453504,麦特派炸鸡汉堡,1548239307077342,B2,国展  北京,麦特派炸鸡汉堡-国展,B2,4302,北京
一店的,1548233982966194,雅宝城,37653503733760,熊先生三文鱼饭,1548239251094413,A1,雅宝城  北京,熊先生·三文鱼饭-雅宝城,A1,3588,北京
一店的,1548233988385650,五道口一店,1566790377138268,崔继民烧饼夹肘子,1548239328019492,B1,五道口一店  北京,崔继民烧饼夹肘子五道口一店,B1,3902,北京
一店的,1548233988385650,五道口一店,1564541676542673,李大治烧烤,1548239326266536,A3,五道口一店  北京,李大治烧烤·龙虾海鲜·猪蹄鸡架（第A3档口-熊猫星厨）,A3,4288,北京
一店的,1548233986416119,建国门,1563686619108470,越公子炉包,1548239300130271,A15,建国门  北京,越公子炉包-建国门,A15,5506,北京
一店的,1548233984304802,驼房营,1566984632243460,蜜汁烤肉饭,1548239266513598,B5,驼房营  北京,蜜汁烤肉饭-驼房营,B5,5722,北京
一店的,1548233986082122,酒仙桥二店,1567999476021143,PHO 東興越南粉,1548239291926319,A2,酒仙桥二店  北京,東興越南粉＆泰式船面（酒仙桥店）,A2,4997,北京
一店的,1548233987535533,方庄,1568868149629289,三米粥铺,1548239313126438,A5,方庄  北京,叫了一只炸鸡（方庄店）,A5,5144,北京
一店的,1548233983688653,望京西园,1565940121601804,517烤肉拌饭,1548239263727143,A5,望京西园  北京,517烤肉拌饭（望京西园）,A5,5330,北京
一店的,1548233987535533,方庄,45030006757376,优味特叫了一只炸鸡·汉堡,1548239312688643,A9,方庄  北京,三米粥铺（方庄店）,A9,4032,北京
一店的,1548233985397507,上地,1568703332167400,小恒水饺,1548239282405593,B4,上地   北京,小恒水饺上地店,B4,4896,北京
一店的,1565241755717343,江宁路店,41555039346688,超能鹿战队（加盟-徐昉）,1565241777207466,A5,江宁路1店 上海,超能鹿战队（江宁路店）,A5,5322,上海
一店的,1548233985397507,上地,1566194159289862,1号鸡秘,1548239282551377,B5,上地   北京,1号鸡秘上地店,B5,4774,北京
一店的,1565241755717343,江宁路店,41555038617600,阿海叔爷炸货铺（加盟-秦盼）,1565241777362203,B8,江宁路1店 上海,阿海叔爷炸货铺（江宁路店）,B8,5217,上海
一店的,1565241756543794,叶家宅路店,34681682952193,段小姐牛排拌饭,1565241784266402,B2,"叶家宅路店,叶家宅路店  上海",段小姐牛肉饭（叶家宅店）,B2,4851,上海
一店的,1548233983142584,新荟城店,1566957369256533,多笠•多笠屋,1548239253581934,A5,新荟城  北京,多笠多笠屋-新荟城店,A5,5238,北京
一店的,1565560737533882,龙舌路店,41556795910144,食之轩（个体-胡国平）,1565560791019906,A1,龙舌路店,食之轩-龙舌路店,A1,5538,杭州
一店的,1565560737533882,龙舌路店,1569754272320893,喜仕屋,1565560791240378,A16,龙舌路店,喜仕屋-龙舌路店,A16,5211,杭州
一店的,1565560737781179,文一路店,1568620132219355,欧巴烤肉拌饭,1565560790486664,A8,文一路店 杭州,欧巴烤肉拌饭-文一路店,A8,5569,杭州
一店的,1565560737781179,文一路店,1569046516117775,燕京鸭王,1565560790943953,B11,文一路店 杭州,燕京鸭王-文一路店,B11,5570,杭州
一店的,1565560737781179,文一路店,1568094747243900,柠檬炸鸡&啤酒,1565560790801201,B2,文一路店 杭州,柠檬炸鸡-文一路店,B2,5571,杭州
一店的,1548233986814497,呼家楼,1569207263212394,包PLUS,1548239304419758,B8,呼家楼  北京,包PLUS-呼家楼,B8,5181,北京
一店的,1548233981747979,中关村,1566998796049979,大先生小碗菜,1548239240457771,A2,中关村  北京,大先生小碗菜（中关村店）,A2,4854,北京
一店的,1548233981747979,中关村,1566998796049979,大先生小碗菜,1548239241337370,C1,中关村  北京,大先生小碗菜（中关村店）,C1,4854,北京
一店的,1565560737781179,文一路店,1567565057495709,Soo轻食沙拉,1565560790421450,A3,文一路店 杭州,Soo轻食沙拉-文一路店,A3,5572,杭州
一店的,1548233986981233,国展,1550026510184639,三米粥铺,1548239306171436,A10,国展  北京,三米粥铺-国展,A10,4047,北京
一店的,1565241755717343,江宁路店,1567577557432120,旬福食堂,1565241777400855,C1,江宁路1店 上海,旬福食堂-江宁路店,C1,5392,上海
一店的,1565597638438726,国美第一城,37653498419200,海盗虾饭,1565597658427844,A23,国美第一城  北京,海盗虾饭-国美第一城,A23,5004,北京
一店的,1548233984714727,双井,1570588554402947,赫鲜生鲍汁鸡,1548239274719244,A3,双井  北京,赫鲜生鲍汁鸡双井店（单平台）,A3,4681,北京
一店的,1548233983513828,五道口二店,1569472461336914,稻香村,1548239259157278,A8,五道口二店  北京,稻香村五道口二店,A8,4853,北京
一店的,1548233985397507,上地,1570588432414953,米小巢蛋包饭,1548239284743711,E3,上地   北京,米小巢上地店,E3,4901,北京
一店的,1548233984537722,四道口,1563873785268124,港爹老味,1548239271777983,A8,四道口  北京,港爹老味（四道口店）,A8,4812,北京
一店的,1565241755841172,金沙江路二店,1569303976039678,鲍鱼饭.鲍鱼饭,1565241784806269,A2,金沙江路二店,粤老荟·鲍鱼饭 金沙江路二店,A2,5165,上海
一店的,1565241755757132,江宁路二店,1569219042584434,鲍喜鲍鱼饭.炖品,1565241780741334,A2,江宁路二店 上海,鲍喜鲍鱼捞饭江宁路二店,A2,5267,上海
一店的,1565241755717343,江宁路店,1567595966837459,自游堂,1565241777381893,B9,江宁路1店 上海,自游堂-江宁路店,B9,5389,上海
一店的,1565241756360840,武宁路店,1571028573931368,蔬啦烤肉饭,1565241775249656,A3,武宁路店 上海,蔬啦烤肉饭-武宁路店,A3,5243,上海
一店的,1565241756464886,协和路一店,43491783157760,湘味浏阳蒸菜（加盟-葛志勇）,1565241781614457,A107,协和路一店  ,浏阳蒸菜（协和路一店）,A107,4780,上海
一店的,1548233987710366,东直门,1550026529995440,三年二班,1548239314295733,A1,东直门  北京,三年二班麻辣拌(东直门店),A1,3949,北京
一店的,1548233987348756,广渠门,37653500301312,翠清酒家,1548239310600342,A2,广渠门  北京,翠清酒家-广渠门,A2,4947,北京
一店的,1565241755542631,河南北路店,1571107788894661,沙野轻食,1565241780001629,A4,河南北路店  上海,沙野轻食（河南北路一店）,A4,4864,上海
一店的,1565241756543794,叶家宅路店,117137116201084,FitFresh,1565241784175885,A6,叶家宅路店,爆多肉健康餐（叶家宅路店）,A6,5295,上海
一店的,1565241756464886,协和路一店,43495431524352,湘味小厨,1565241781632863,A108,协和路一店  ,浏阳蒸菜（协和路一店）,A108,4780,上海
一店的,1565330730609659,东直门二店,1570759834908671,卷饼王炸串,1569309242664289,B6,东直门二店  北京,卷饼王-东直门二店,B6,5207,北京
一店的,1548233986416119,建国门,1550026516477251,梅家焖面,1548239299984377,A12,建国门  北京,梅家焖面-建国门店,A12,4944,北京
一店的,1565330730609659,东直门二店,1570612071051460,白兔厨房,1569309242908110,B21,东直门二店  北京,白兔厨房-东直门二店,B21,5035,北京
一店的,1548233983513828,五道口二店,1571022954231799,秋果鲜果切水果捞,1548239262258201,B12,五道口二店  北京,秋果鲜果切水果捞五道口二店,B12,3915,北京
一店的,1548233983513828,五道口二店,1559472218063633,FUNKY DOGG时髦热狗,1548239260326777,A18,五道口二店  北京,时髦热狗五道口二店,A18,4513,北京
一店的,1557397275412512,双井二店,1570683329793911,时髦热狗,1557397348169158,A1,双井二店  北京,FUNKY DOGG时髦热狗-双井二店,A1,4830,北京
一店的,1548233988722144,经开大厦,1565930533941456,加一饼町,1548239331843630,A1,经开大厦 北京,加一饼町-经开大厦,A1,5657,北京
一店的,1548233986082122,酒仙桥二店,1558083767994400,瑰族椒椒麻香鱼,1548239291779750,A1,酒仙桥二店  北京,椒椒麻香鱼（酒仙桥店）,A1,4992,北京
一店的,1548233988385650,五道口一店,1569572507995249,汤鲜生米线,1548239327581268,A13,五道口一店  北京,汤鲜生米线五道口一店,A13,4057,北京
一店的,1548233987535533,方庄,1569671201453121,合味购,1548239313856698,A13,方庄  北京,禾味购（方庄店）,A13,4000,北京
一店的,1548233981922675,长虹桥,1568855969311959,曼玲粥,1548239241630370,A1,长虹桥  北京,曼玲粥-长虹桥一店,A1,3971,北京
一店的,1565330730609659,东直门二店,1557901644958178,摩阿麻手撕椒麻鸡,1569309242781312,B13,东直门二店  北京,摩阿麻手撕椒麻鸡-东直门二店,B13,5038,北京
一店的,1565330730659182,六里桥,50202888947712,三米粥铺,1565330790432367,A20,六里桥  北京,三米粥铺-六里桥,A20,5012,北京
一店的,1548233987535533,方庄,47012677597184,河南蒸香面,1548239313272515,A8,方庄  北京,河南蒸箱面（方庄店）,A8,4034,北京
一店的,1548233987710366,东直门,50909641986048,疆小格,1548239316441755,A17,东直门  北京,疆小格-东直门,A17,5193,北京
一店的,1548233987710366,东直门,1557192511871890,三米粥铺,1548239317171353,A25,东直门  北京,三米粥铺(东直门店),A25,3891,北京
一店的,1565241756236183,松江路店,1571289968642176,鱼小喵在成都（松江店）,1565241783186861,B7,松江路店,鱼小喵在成都-松江路店,B7,5363,上海
一店的,1565241756464886,协和路一店,1571384302935127,茶里茶里,1565241781490950,A101,协和路一店  ,茶里茶里-协和路一店,A101,5522,上海
一店的,1565241756464886,协和路一店,43491785539584,82年叫花鸡（加盟-谢长荣）,1565241781360800,B10,协和路一店  ,82年叫花鸡（协和路一店）,B10,4802,上海
一店的,1565241756464886,协和路一店,43495431823360,过桥米线黄焖鸡米饭,1565241782035498,A126,协和路一店  ,过桥米线黄焖鸡米饭（协和路一店）,A126,4795,上海
一店的,1565560737781179,文一路店,1570863978297698,余味料理饭（个体-余云龙）,1565560790961643,B12,文一路店 杭州,余味料理饭-文一路店,B12,5573,杭州
一店的,1565560737178944,古墩路店,41556797011968,叫了只炸鸡（加盟-蒋亮亮）,1565560789308378,B6,古墩路店 杭州,叫了只炸鸡（古墩店）,B6,4178,杭州
一店的,1565560737781179,文一路店,1569551958844976,蜀大侠麻辣香锅,1565560790609648,A16,文一路店 杭州,蜀大侠麻辣香锅-文一路店,A16,5574,杭州
一店的,1557397275473578,牡丹园,47013506871296,卷饼王炸串,1557397363147588,C2,牡丹园  北京,卷饼王炸串-牡丹园,C2,5121,北京
一店的,1565560737781179,文一路店,1571190321919710,一桶香木桶饭,1565560790522252,A10,文一路店 杭州,一桶香木桶饭-文一路店,A10,5575,杭州
一店的,1548233988385650,五道口一店,1571570912726407,午酒小炸《深夜·食堂》,1548239329211836,B10,五道口一店  北京,午酒小炸五道口一店,B10,4867,北京
一店的,1565241756464886,协和路一店,41555036674048,川魂冒牌货冒菜（个体-林小艳）,1565241781769958,A114,协和路一店  ,帽牌货冒菜（协和路一店）,A114,4785,上海
一店的,1565241756236183,松江路店,1571454274462643,BANDON,1565241782993598,A4,松江路店,BANDON-松江路店,A4,5357,上海
一店的,1565241756194463,四川北路一店,1571384671893693,pupu扑扑轻食粥,1565241775753235,A10,四川北路1店 上海,扑扑轻食粥（民达）,A10,4874,上海
一店的,1565241756422264,协和路二店,1571970964456490,鱼湘烤鱼饭,1565241782237117,C210,协和路二店,鱼湘烤鱼饭（协和路二店）,C210,5266,上海
一店的,1565560737652104,秋涛北路店,1569719127206655,一纸鸡,1565560789513420,A2,秋涛北路店 杭州,一纸鸡（秋涛北路店）,A2,5223,杭州
一店的,1565241756543794,叶家宅路店,1572339665604256,来得好汤圆馄饨面,1565241784098423,A1,"叶家宅路店,叶家宅路店  上海",来得好-叶家宅店,A1,5209,上海
一店的,1565241756236183,松江路店,1572394191660687,Bigbear 韩国炸鸡,1565241783351151,B15,松江路店,Bigbear韩国炸鸡-松江路店,B15,5369,上海
一店的,1565241756422264,协和路二店,1572410582548948,味之浇头饭,1565241782435293,C220,协和路二店,味之浇头饭（协和路二店）,C220,5276,上海
一店的,1565241755913909,控江路店,1572259127684167,哈尔滨烧烤水饺,1565241782720496,B7,控江路店,520东北烧烤-控江路店,B7,5334,上海
一店的,1565330730659182,六里桥,1572399853164898,遇花溪苗家牛肉粉,1565330790281165,A11,六里桥  北京,甏肉米饭盒-六里桥,A11,5348,北京
一店的,1565330730609659,东直门二店,1571630480227625,鲍喜鲍鱼饭,1569309242924464,B22,东直门二店  北京,鲍喜鲍鱼饭-东直门二店,B22,5042,北京
一店的,1565330730609659,东直门二店,1571630480227625,鲍喜鲍鱼饭,1569309242940797,B23,东直门二店  北京,鲍喜鲍鱼饭-东直门二店,B23,5042,北京
一店的,1548233988217556,大望路,1571630480227625,鲍喜鲍鱼饭,1548239325681648,B9,大望路店  北京,鲍喜鲍鱼饭-大望路,B9,5143,北京
一店的,1560944791763246,望京六佰本,37653505159168,台资味,1560944835459119,A10,望京六佰本  北京,台资味-望京六佰本,A10,5077,北京
一店的,1565560737781179,文一路店,1572231320981648,飘香牛排店,1565560790909615,B9,文一路店 杭州,飘香牛排店-文一路店,B9,5576,杭州
一店的,1548233981574173,铸诚大厦,1572399390966748,汤鲜生米线,1548239238811182,A2,铸诚大厦  北京,汤鲜生米线-铸诚大厦店,A2,5050,北京
一店的,1565560737781179,文一路店,1571549088475282,深夜的喵,1565560790539173,A11,文一路店 杭州,深夜的喵-文一路店,A11,5577,杭州
一店的,1565560737781179,文一路店,1568281952967792,原一日式拉面,1565560790556173,A12,文一路店 杭州,原一日式拉面-文一路店,A12,5578,杭州
一店的,1566996964187782,天山西路店,1572411973265564,奈良小鹿,1566996975659618,A11,天山西路店 上海,奈良小鹿 天山西路店,A11,4887,上海
一店的,1565560737781179,文一路店,41556793624576,东北饺子坊（直营-王正鹏）,1565560790748269,A25,文一路店 杭州,东北饺子坊-文一路店,A25,5579,杭州
一店的,1565241755445630,国定东路店,1572506962567791,鲍喜鲍鱼饭,1565241780210800,A1,国定东路店 上海,鲍喜鲍鱼饭-国定东路店,A1,5249,上海
一店的,1548233985568475,软件园,1569812732508351,一盖天下,1548239285327910,B3,软件园  北京,一盖天下-软件园,B3,5633,北京
一店的,1565241755757132,江宁路二店,1570786712225638,淮南牛肉汤,1565241780870136,A8,江宁路二店 上海,淮南牛肉汤江宁路二店,A8,5280,上海
一店的,1565241755953135,兰溪路店,1570786712225638,淮南牛肉汤,1565241779329713,B6,兰溪路店 上海,兰氏淮南牛肉汤-兰溪路店,B6,5200,上海
一店的,1565241755994293,灵石路店,1570786712225638,淮南牛肉汤,1565241776222198,B9,灵石路店   上海,兰记淮南牛肉汤（灵石路店）,B9,5305,上海
一店的,1565241756236183,松江路店,1570786712225638,淮南牛肉汤,1565241783167695,B6,松江路店,淮南牛肉汤-松江路店,B6,5362,上海
一店的,1565241756422264,协和路二店,1570786712225638,淮南牛肉汤,1565241782218214,C209,协和路二店,淮南牛肉粉丝汤（协和路二店）,C209,5264,上海
一店的,1553865620850490,马家堡,45075703517184,壹只蟹蟹煲,1553865821870594,A11,马家堡  北京,壹只蟹蟹煲-马家堡,A11,5045,北京
一店的,1565330730659182,六里桥,37653505759232,聚鼎米线,1565330790356860,A16,六里桥  北京,那么辣手撕鸡架-六里桥,A16,5679,北京
一店的,1566456449065193,三元桥,1572573153031730,阿珍味道,1566456464912369,A5,三元桥  北京,阿珍味道-三元桥,A5,5060,北京
一店的,1565330730609659,东直门二店,1571811488991590,便当王,1569309242891640,B20,东直门二店  北京,便当王-东直门二店,B20,5046,北京
一店的,1557397275473578,牡丹园,1566619357536960,新金手勺地道东北菜,1557397360556507,B7,牡丹园  北京,新金手勺地道东北菜-牡丹园,B7,5122,北京
一店的,1565241755717343,江宁路店,1571896179971534,拌将干拌麻辣烫,1565241777166316,A2,江宁路1店 上海,拌将-江宁路店,A2,5390,上海
一店的,1565241755841172,金沙江路二店,1572428161473999,汉堡张术祥,1565241784860221,A6,金沙江路二店,牛约堡（金沙江路二店）,A6,5167,上海
一店的,1565241756422264,协和路二店,51095224262656,汤先生,1565241782574657,C227,协和路二店,汤先生（协和路二店）,C227,5278,上海
一店的,1560944791763246,望京六佰本,1572918066720432,超能鹿站队,1564056109770672,B6,望京六佰本  北京,超能鹿站队-望京六佰本,B6,5078,北京
一店的,1548233984714727,双井,1572918379458516,超能鹿战队,1548239275889673,A12,双井  北京,超能鹿战队双井店（未经营）,A12,5413,北京
一店的,1565597638438726,国美第一城,1572501897101181,串意十足,1565597658198634,A9,国美第一城  北京,串意十足-国美第一城,A9,5005,北京
一店的,1565560737781179,文一路店,1572439558338173,隆炎烧烤（直营-来明）,1565560790642336,A18,文一路店 杭州,隆炎烧烤-文一路店,A18,5580,杭州
一店的,1565560737178944,古墩路店,1570758322586839,先生家水饺米线,1565560789130279,A5,古墩路店 杭州,米事粥铺（古墩路店）,A5,4321,杭州
一店的,1565241756236183,松江路店,1568597932292314,将拌干拌麻辣烫,1565241783307780,B13,松江路店,拌将干拌麻辣烫-松江路店,B13,5355,上海
一店的,1548233983142584,新荟城店,1572952913234539,肥企鹅厨房,1548239253289953,A2,新荟城  北京,肥企鹅厨房-新荟城店,A2,3946,北京
一店的,1565241756236183,松江路店,1571124992958411,四年伴,1565241783329158,B14,松江路店,四年伴-松江路店,B14,5481,上海
一店的,1548233988385650,五道口一店,1571049983479519,超能鹿战队,1548239326851553,A8,五道口一店  北京,超能鹿站队五道口一店,A8,4860,北京
一店的,1565241755274960,曹杨路店,1572403141830825,牛小爱,1565241783960571,A8,曹杨路一店  上海,牛小爱烧肉饭寿喜锅(曹杨路店),A8,4861,上海
一店的,1565241755913909,控江路店,43491783401472,黄鲜生（加盟-黄先生）,1565241782652388,B4,控江路店,黄鲜生-控江路店,B4,5331,上海
一店的,1565597638438726,国美第一城,1572192865884484,整点比萨,1565597658341831,A18,国美第一城  北京,整点比萨-国美第一城,A18,5006,北京
一店的,1548233985739387,日坛,1572953369044494,oumuni韩式炸鸡,1548239288121406,A5,日坛店 北京,OUMUNI韩式炸鸡-日坛店,A5,4903,北京
一店的,1548233984537722,四道口,1550026510574397,咕咕炸鸡,1548239272967345,A18,四道口  北京,咕咕炸鸡（四道口店）,A18,4815,北京
一店的,1566268131111237,长虹桥二店,53926816993280,郑记鸡汤米线,1566268154016875,B5,长虹桥二店  北京,郑记鸡汤过桥米线-长虹桥二店,B5,4968,北京
一店的,1565330730609659,东直门二店,1572683369588301,米有理由牛肉烧饭,1569309242680467,B7,东直门二店  北京,米有理由-东直门二店,B7,5047,北京
一店的,1565241755994293,灵石路店,1572526103072963,神牛作嫩五方,1565241776001567,A3,灵石路店   上海,神牛作嫩牛五方（灵石路店）,A3,5300,上海
一店的,1565330730659182,六里桥,1570855476089819,潼关印象,1565330790301302,A12,六里桥  北京,潼关印象-六里桥,A12,5016,北京
一店的,1548233983513828,五道口二店,1573091003550401,南宫小姐姐朝鲜族拌饭,1548239260472303,A19,五道口二店  北京,南宫小姐姐五道口二店,A19,3840,北京
一店的,1548233981747979,中关村,47014656573440,響见你精致便当,1548239240896826,B3,中关村  北京,響见你精致便当（中关村店）,B3,5642,北京
一店的,1571395003064816,汇海广场,1572947624608676,慢吞吞自选快餐,1571395026105888,A16,,,,0,深圳
一店的,1571395003064816,汇海广场,1572947815910699,鱼你yo！solo,1571395026036886,A11,,,,0,深圳
一店的,1565241755953135,兰溪路店,1572434056640326,牛约堡,1565241779396195,B9,兰溪路店 上海,牛约堡-兰溪路店,B9,5203,上海
一店的,1548233988217556,大望路,1568086394103883,金掌勺东北菜,1548239323924621,A6,大望路店  北京,金掌勺东北菜（大望路店）,A6,5138,北京
一店的,1571395003064816,汇海广场,1572513294603318,一碗麻辣烫,1571395025836678,A2,,,,0,深圳
一店的,1565241756194463,四川北路一店,1571901245214266,东北烤冷面,1565241775836735,B3,四川北路1店 上海,广东荷叶炒饭烤冷面（民达）,B3,4876,上海
一店的,1565241755953135,兰溪路店,1573050038687819,牛家人大碗牛肉面,1565241779104787,A2,兰溪路店 上海,牛家人大碗牛肉面-兰溪路店,A2,5194,上海
一店的,1571395003064816,汇海广场,1570674898217379,蛙人战队饭堂,1571395026138731,A18,,,,0,深圳
一店的,1565560750566423,梅华路店,41557637263360,海滋味花甲米线（个体户-聂先生）,1565560806859466,A5,,,,0,深圳
一店的,1565241756464886,协和路一店,1573208774514153,觅小柳麻辣烫,1565241781921972,A121,协和路一店  ,觅小柳手工麻辣烫（协和路一店）,A121,4805,上海
一店的,1548233982792607,悠乐汇,1560411656269688,乐堡士,1548239248576294,A12,悠乐汇  北京,乐堡士-悠乐汇,A12,5640,北京
一店的,1566456449065193,三元桥,1573096101437873,一号鸡秘火锅鸡,1566456465038583,A12,三元桥  北京,鸡秘火锅鸡-三元桥,A12,5061,北京
一店的,1565330730609659,东直门二店,1571201600514456,夏酱屋,1569309242696804,B8,东直门二店  北京,夏酱屋-东直门二店,B8,5048,北京
一店的,1565560750566423,梅华路店,1573611386587400,巧啊哥烤鱼饭,1565560806805408,A1,,,,0,深圳
一店的,1565560750566423,梅华路店,1573612389976486,序茶,1565560807055295,A17,,,,0,深圳
一店的,1565560750566423,梅华路店,41557637103616,米陀饭团（个体户-夏女士）,1565560807206349,B6,,,,0,深圳
一店的,1571395003064816,汇海广场,1572948252085926,围炉锅盔,1571395025947216,A9,,,,0,深圳
一店的,1571395003064816,汇海广场,1572315247402962,螺蛳粉,1571395026070993,A13,,,,0,深圳
一店的,1571395003064816,汇海广场,1572314958439509,久久丫,1571395026121387,A17,,,,0,深圳
一店的,1548233984714727,双井,1573547969182467,百鲜花甲米线,1548239275011539,A6,双井  北京,百鲜花甲米线双井店（单平台）,A6,4683,北京
